policy_id,model_id,scenario_uid,utterance_id,kg_role,max_cosine,threshold,grounded,gold_grounded,full_text
BK21,deepseek,BK21_deepseek_15,BK21_deepseek_15_Impact_revised_1,GraduateStudent:GraduateStudent,0.31806058182821806,0.3652081030722623,False,,"As a doctoral student in English literature at Inha University, I see the impact phase as the long-term result of sustained investment in graduate talent development. The BK21 program's consistent funding of 19,000 graduate slots and 577 postdoc positions annually, along with the high output of 28,500 publications and 5,700 international conference presentations in 2022, builds a strong talent pipeline. Over a decade, these graduates and postdocs advance in their careers, becoming faculty, industry leaders, and collaborators, which enhances South Korea's global S&T talent competitiveness. The dissemination of outstanding group achievements through the BK21 webzine and forums spreads best practices across institutions, improving research culture in terms of integrity, collaboration, and interdisciplinarity. However, the impact on national rank is gradual; I estimate South Korea will move from around 18th to 16th in the global S&T talent competitiveness index over the decade, as other nations also invest heavily. For high-impact publications, the increased focus on quality and collaboration, supported by the program's evaluation and consulting feedback loops, should raise the rate from about 10 to 11.2 per 1000 researchers, reflecting a modest but meaningful improvement in research excellence. I note that 부산 (oqg3qt) estimated a rank of 15 and 12.5 high-impact publications, but I am slightly more conservative because as a humanities researcher, I see that the benefits of interdisciplinary collaboration take longer to materialize in high-impact metrics, and the humanities and social sciences groups may not contribute as directly to top-cited publications in S&T fields."
BK21,deepseek,BK21_deepseek_13,BK21_deepseek_13_Activities_revised_2,EarlyCareerResearcher:EarlyCareerResearcher,0.31858630910016694,0.3652081030722623,False,,"As a postdoctoral researcher at Jeonbuk National University, I see the Activities phase as the operational engine of the BK21 program. The total funds disbursed should match the allocated budget of 408,080 million KRW, as the 70% March / 30% September schedule is a standard government disbursement mechanism with minimal delays. Evaluation panels are convened for three key purposes: annual evaluation, mid-term preparation, and compliance oversight, which aligns with the policy's structured evaluation cycle. Consulting sessions are offered to groups that request them; the policy explicitly states 280 out of 578 groups wished to receive consulting, so I estimate 280 sessions. Compliance checks are executed for the 205 innovative talent training groups, as specified in the policy, to verify implementation. Budget adjustments and reallocations based on evaluation outcomes are handled by the Project Oversight Committee, but these occur after evaluations, so they do not affect the initial disbursement in 2022. My estimates reflect the policy's explicit numbers and my understanding of typical administrative efficiency. I agree with the estimates from 전북대학교 (qyiffe) and 충청북도 (EducationResearchGroup) as they align with the policy context."
BK21,deepseek,BK21_deepseek_44,BK21_deepseek_44_Outcomes_initial_4,EarlyCareerResearcher:EarlyCareerResearcher,0.31958174397949524,0.3652081030722623,False,,"As a postdoc in a biomedical education research group at a Chungcheong region medical school, I see the Outcomes phase as the direct result of the funding, activities, and outputs from prior phases. The national-level inputs of 19,000 graduate slots and 577 postdoc positions, combined with full fund disbursement and evaluation activities, enable substantial research output and international exposure. Based on my experience in a regional university, I estimate that about 50% of BK21 participants are involved in international research collaboration, yielding 9,500 participants. For graduate employment, I estimate that about 84.2% of graduates find employment within one year, which is slightly below the policy target of 86.7% due to the declining trend noted in the policy context. This translates to about 16,000 employed graduates out of 19,000. The full-time faculty lecture ratio I estimate at 75%, reflecting the policy's emphasis on increasing full-time faculty involvement but acknowledging that some courses are still taught by part-time instructors. The evaluation and consulting feedback loops help improve these outcomes by identifying weaknesses and providing recommendations, but the impact is gradual. I note that other participants provided identical estimates, which reinforces my confidence, though I arrived at them independently from my own reasoning as a postdoc."
BK21,deepseek,BK21_deepseek_41,BK21_deepseek_41_Outputs_initial_3,GraduateStudent:GraduateStudent,0.3234006511757845,0.3652081030722623,False,,"As a doctoral student in mechanical engineering at Hanyang University, I am part of an education research group in robotics and autonomous driving. From the Inputs phase, the national figures of 19,000 graduate slots and 1,000 postdoc positions are clear. Given Hanyang's size and number of groups, I estimate about 250 graduate students and 15 postdocs supported locally. In my group, each graduate student typically produces 2-3 publications per year and makes 1-2 international conference presentations. With 250 graduate students, that yields roughly 750 publications and 200 international presentations. Postdocs contribute additional outputs but are fewer in number. International collaboration is common in robotics—about 30% of our projects involve overseas partners—but I keep the presentation estimate conservative. Compliance with reporting is high (575 out of 578 groups submitted self-evaluation reports), so I assume all supported participants are counted. The other participants' estimates align with my own, and I see no reason to adjust."
BK21,deepseek,BK21_deepseek_12,BK21_deepseek_12_Inputs_revised_2,GraduateStudent:GraduateStudent,0.3253967942700683,0.3652081030722623,False,,"As a graduate student at a science and technology university in Daejeon, I see the BK21 budget from a firsthand perspective. The total national budget is 410,597 million KRW as stated in the policy context. For Hanyang University, a top engineering school, I estimate their share is around 2-3 billion KRW based on typical allocations for leading universities. Graduate scholarship slots: with monthly stipends of 700K-1.3M KRW and operating costs capped at 10%, the remaining funds support about 190 slots per year across all groups at Hanyang. Postdoc positions: minimum 3M KRW/month, so each postdoc costs 36M KRW/year. With limited budget left after student scholarships, I estimate about 3 postdoc positions per group, and Hanyang has roughly 10 groups, so 30 total. These numbers reflect my personal experience seeing how funds are distributed in our lab."
BK21,deepseek,BK21_deepseek_44,BK21_deepseek_44_Outcomes_revised_0,GraduateStudent:GraduateStudent,0.3261549251774056,0.3652081030722623,False,,"As a doctoral student in economics at Pusan National University, I see the Outcomes phase as the direct result of the funding, activities, and outputs from prior phases. The national-level inputs of 19,000 graduate slots and 577 postdoc positions, combined with full fund disbursement and evaluation activities, enable substantial research output and international exposure. Based on my experience in a regional university, I estimate that about 50% of BK21 participants are involved in international research collaboration, yielding 9,500 participants. For graduate employment, I estimate that about 84.2% of graduates find employment within one year, which is slightly below the policy target of 86.7% due to the declining trend noted in the policy context. This translates to about 16,000 employed graduates out of 19,000. The full-time faculty lecture ratio I estimate at 75%, reflecting the policy's emphasis on increasing full-time faculty involvement but acknowledging that some courses are still taught by part-time instructors. The evaluation and consulting feedback loops help improve these outcomes by identifying weaknesses and providing recommendations, but the impact is gradual. I note that other participants have not yet posted, so my estimates are based solely on my own reasoning and the policy context."
BK21,deepseek,BK21_deepseek_22,BK21_deepseek_22_Activities_initial_2,GraduateStudent:GraduateStudent,0.333613551632022,0.3652081030722623,False,,"As a master's student in biosciences at a private university in Gyeongbuk, I see the BK21 funds being disbursed according to the standard schedule: 70% in March and 30% in September. I expect full disbursement of the allocated 355,151 million KRW because the policy is well-established and the NRF handles it efficiently. Evaluation panels are convened for annual, mid-term, and compliance purposes, so I estimate 3 formal meetings per year. For consulting sessions, the policy states 280 out of 578 groups nationally received consulting, but Hanyang hosts only about 10-15 education research groups. I estimate about 140 sessions, assuming roughly half of Hanyang's groups request consulting, consistent with the national proportion. Compliance checks are executed on innovative talent training groups; the policy mentions 205 groups nationally, but Hanyang's share is proportional, so I estimate about 100 checks. My estimates differ from the economics researcher (0qvt7a) who used national numbers directly, because I scale to Hanyang's actual number of groups. I agree more with the biosciences researcher (lmhk8h) who also scaled proportionally, though my exact numbers may vary slightly due to my perspective as a recipient."
BK21,deepseek,BK21_deepseek_13,BK21_deepseek_13_Outputs_revised_1,EducationResearchGroup:EducationResearchGroup,0.3399231396174883,0.3652081030722623,False,,"As the head of a new AI/software education research group at a provincial private university in Chungcheongbuk-do, I see the Outputs phase as the direct result of the allocated inputs and activities. With 19,000 graduate slots and 1,200 postdoc positions funded, the program is designed to produce measurable research outputs. Based on my own experience and observations in my education research group, a typical graduate student produces about 2-3 publications per year (including co-authored papers), and postdocs produce 4-5. I conservatively estimate an average of 3 publications per supported participant (graduate + postdoc), yielding 57,000 total publications. For international conference presentations, I estimate about 0.5 per participant, as many students present at least once during their degree, but not all in a single year. This gives 9,500 presentations. These estimates assume high compliance with reporting (575 out of 578 groups submitted self-evaluations) and active research engagement. The policy's emphasis on internationalization and healthy research culture supports these output levels. I note that the other participant's estimates match mine, which reinforces my confidence, but I arrived at these numbers independently based on my group's productivity patterns and the policy's resource allocation."
BK21,deepseek,BK21_deepseek_44,BK21_deepseek_44_Inputs_revised_3,GraduateStudent:GraduateStudent,0.346226115839822,0.3652081030722623,False,,"As a doctoral student in biotechnology at a prestigious Seoul university, I am directly supported by the BK21 program. The policy context clearly states the annual budget is 408,080 million KRW for 2022, which I accept as ground truth. For graduate scholarship slots, the policy mentions about 12,600 students in the future talent training project and 6,400 in the innovative talent training project per year, totaling 19,000 nationally. While other participants estimated these as national slots, I agree that this is the total number of slots funded across all universities, not just Hanyang. However, the simulation target is about Hanyang University's program, and the policy does not specify Hanyang's share. I stick with the national figure because the policy context does not break it down by university, and the simulation target's time window (2022) matches the annual budget. For postdoc positions, the policy states 577 education research groups nationally, each likely supporting at least one postdoc, so I estimate 577 postdoc positions. My personal experience in a regional university suggests that actual slots at Hanyang may be lower due to competition, but without specific data, I use the national figures as a reasonable proxy for the program's scale."
BK21,deepseek,BK21_deepseek_14,BK21_deepseek_14_Activities_initial_3,EducationResearchGroup:EducationResearchGroup,0.35603504460828017,0.3652081030722623,False,,"As the head of an education research group at Hanyang University, I see the funding flow as efficient: the 70% March and 30% September schedule ensures we get most funds early for stipends and operations, with the remainder tied to compliance. Given the national budget of 40.8 billion KRW for Hanyang's 40 groups, I expect full disbursement since no major fraud is flagged. Evaluation panels are triggered by the annual cycle: one annual, one mid-term, and one compliance meeting per year, totaling 3. Consulting sessions are offered to groups that request them; from the policy context, 280 out of 578 groups requested consulting, so for Hanyang's 40 groups, if all requested, that would be 40 sessions. Compliance checks focus on the 205 innovative talent training groups as stated in the policy, so 205 checks are executed. I disagree with the graduate student's estimate of 280 consulting sessions for Hanyang alone—that seems too high; the policy's 280 is for all 578 groups, so Hanyang's share would be about 40 sessions. Budget adjustments based on evaluations affect future disbursements, not the current year's total."
BK21,deepseek,BK21_deepseek_21,BK21_deepseek_21_Inputs_initial_3,GraduateStudent:GraduateStudent,0.36700073801044214,0.3652081030722623,True,,"As a chemistry PhD-integrated student at a research-oriented university in Daejeon, I directly benefit from BK21 funding. The policy context states the annual budget is 408,080 million KRW, which I accept as ground truth. For graduate scholarship slots, I estimate about 19,000 nationally based on the stated 12,600 future talent and 6,400 innovative talent participants per year, totaling 19,000. This aligns with my experience that most eligible students in my group receive stipends. For postdoc positions, I estimate around 1,200 nationally, considering the 577 education research groups and typical group sizes of 2-3 postdocs, but many groups have fewer due to budget constraints. My perspective as a student emphasizes the direct impact of funding on my stipend and research capacity."
BK21,deepseek,BK21_deepseek_15,BK21_deepseek_15_Outcomes_initial_1,GraduateStudent:GraduateStudent,0.3771411275884017,0.3652081030722623,True,,"As a doctoral student in English literature at Inha University, I see the outcomes phase as a direct result of the inputs, activities, and outputs we've established. With 19,000 graduate slots and 577 postdoc positions fully funded, and with 28,500 publications and 5,700 international conference presentations produced, the international collaboration rate is naturally high because many of those presentations and co-authored papers involve international partners. The policy's support for international conferences and collaboration incentives (e.g., budget for internationalization) directly boosts this rate. For employment, the strong network built through industry collaborations and the reputation of the BK21 program, combined with the training and mentoring from full-time faculty (who now deliver about 85% of lecture hours, up from lower ratios due to the program's emphasis on full-time faculty), leads to a high employment rate of about 86.8% within one year of graduation. This is consistent with the policy's target of increasing employment rate by 0.3% per year from a baseline of 86.7% (2010-2012 average), and given the current economic conditions, I estimate a slight improvement to 86.8%. The evaluation and consulting feedback loops ensure that groups with lower performance receive targeted consulting, which improves their outcomes over time. My estimates are grounded in my personal experience as a funded researcher and group leader, and I note that other participants have not yet posted, so I rely on my own reasoning."
BK21,deepseek,BK21_deepseek_34,BK21_deepseek_34_Outcomes_revised_1,GraduateStudent:GraduateStudent,0.3813527740289862,0.3652081030722623,True,,"As a doctoral student in chemistry at Pusan National University and a BK21 participant, I see the outcomes phase as the direct result of our activities and outputs. With 1,000 graduate students and 50 postdocs supported, and 2,500 publications produced, I estimate that about 35% of participants are involved in international collaboration, based on my own experience where roughly one-third of students co-author papers with foreign researchers or attend international conferences. The graduate employment rate is around 80% within one year, reflecting strong demand for STEM graduates but also some mismatch in the job market. The full-time faculty lecture ratio is about 75%, as BK21 encourages hiring full-time faculty, but some courses are still taught by part-time lecturers due to budget constraints. The evaluation and consulting feedback loops (15 consulting sessions, 11 compliance checks) help improve these rates by identifying weaknesses, but improvements are gradual. I disagree with any overly optimistic estimates; our group's data shows steady but modest progress."
BK21,deepseek,BK21_deepseek_05,BK21_deepseek_05_Impact_initial_0,EducationResearchGroup:EducationResearchGroup,0.3813586112550329,0.3652081030722623,True,,"As the head of a computer science education research group at Hanyang University, I reason that sustained investment in graduate talent development over a decade will gradually improve South Korea's global S&T talent competitiveness rank. The BK21 program's consistent funding of 19,000 graduate slots and 500 postdoc positions per year, combined with the dissemination of outstanding group achievements and operational know-how through the BK21 webzine and forums, will elevate the national innovation capacity. However, the impact is incremental; South Korea currently ranks around 10th globally in S&T competitiveness, and a decade of focused investment may move it to 8th, given competition from other nations. For high-impact publications, I estimate 12.5 per 1000 researchers. This is based on the prior phase outputs of 57,000 publications from 19,000 graduate students (3 per student), but only about 5% of those are top 1% cited. With 19,000 graduate students and 500 postdocs, the total researcher pool is roughly 19,500, yielding 2,850 high-impact publications (57,000 * 0.05), which is 146 per 1000 researchers. However, this is for the active cohort only; the national rate includes all researchers, not just BK21 participants. The national rate is lower because BK21 is a fraction of the total. I estimate the national rate at 12.5 per 1000 researchers, reflecting the program's contribution to the broader ecosystem. The systemic changes in research culture—integrity, collaboration, interdisciplinarity—as alumni progress will further boost this rate over time, but the 2022 window captures early effects."
BK21,deepseek,BK21_deepseek_09,BK21_deepseek_09_Activities_initial_3,EarlyCareerResearcher:EarlyCareerResearcher,0.38881948529721566,0.3652081030722623,True,,"As a postdoctoral researcher in AI at Hanyang University's BK21 education research group, I see the fund disbursement process directly. The total budget of 410.597 billion KRW is disbursed in two installments: 70% in March (about 287.418 billion KRW) and 30% in September (about 123.179 billion KRW). This schedule is efficient and aligns with the policy context, ensuring groups receive the majority of funds early in the academic year to support ongoing research and stipends. Evaluation panels are convened for annual, mid-term, and compliance purposes, totaling 3 meetings per year. Consulting sessions are offered to groups that request them; based on the policy context, 280 out of 578 groups requested consulting, so I estimate 280 sessions were held. Compliance checks are conducted on 205 innovative talent training groups as specified in the policy, focusing on implementation and adherence to rules. Budget adjustments are made based on evaluation outcomes, with reductions for poor performance or fraud, and reallocations to top-performing groups. My estimates reflect the policy's stated numbers and my practical experience in the graduate innovation committee."
BK21,deepseek,BK21_deepseek_30,BK21_deepseek_30_Outputs_initial_1,GraduateStudent:GraduateStudent,0.39618455507537176,0.3652081030722623,True,,"Given the 19,000 graduate slots and 577 postdoc positions from the Inputs phase, and full fund disbursement with evaluation activities from the Activities phase, I estimate outputs based on my experience as a chemical engineering master's student. In my lab, each graduate student typically produces 1-2 publications per year, but many are early in their studies, so I conservatively estimate 1.5 per student, yielding 28,500 publications from graduate students. Postdocs are more productive, averaging 3-4 publications per year; with 577 postdocs, that adds about 2,000 publications, totaling roughly 38,000. For international conference presentations, about 30% of graduate students and 50% of postdocs present at least once per year, leading to about 5,700 presentations. These estimates reflect the active cohort in 2022, not the full program lifetime. I note that 서울 estimated 57,000 publications and 9,500 presentations, but I think that's too high because many students in my field focus on lab work and don't publish every year, and international travel is limited by budget constraints. My estimates are more grounded in the reality of a regional university where resources are tighter."
BK21,deepseek,BK21_deepseek_10,BK21_deepseek_10_Inputs_revised_3,EarlyCareerResearcher:EarlyCareerResearcher,0.39893121902258893,0.3652081030722623,True,,"As an early-career researcher in cognitive psychology at Hanyang University, I see the BK21 funding as the lifeblood of our lab. The policy context clearly states the total annual budget is 410,597 million KRW, which I accept as ground truth. For Hanyang, I estimate about 12 education research groups based on typical allocations for top engineering universities. With an average monthly stipend of 1M KRW per graduate student and the education research group budget of 355,151 million KRW nationally, I calculate roughly 355,151 million / (12 months * 1M) ≈ 29,596 student-years nationally. Hanyang's share with 12 groups out of 577 nationally gives about 12/577 * 29,596 ≈ 615 student-years, but not all funds go to stipends (operating costs up to 10%), so I estimate 250 scholarship slots. For postdocs, with minimum salary 3M/month, each costs 36M/year. Nationally, if 10% of the 355,151 million goes to postdocs, that's 35,515 million, supporting about 986 postdocs. Hanyang's share: 12/577 * 986 ≈ 20, but postdocs are more concentrated in top groups, so I estimate 40. The other participants' estimates align with my reasoning, so I agree."
BK21,deepseek,BK21_deepseek_03,BK21_deepseek_03_Outcomes_revised_2,EarlyCareerResearcher:EarlyCareerResearcher,0.4024175776240062,0.3652081030722623,True,,"As an early-career researcher in bioscience at Yonsei, I reason from my direct lab experience. The inputs phase allocated 355,151 million KRW, supporting about 180 graduate slots and 25 postdocs. Activities included 280 consulting sessions and 205 compliance checks, which help groups improve quality. Outputs showed ~360 publications and ~108 international conference presentations, indicating moderate research productivity. For outcomes, I estimate the graduate employment rate at 82.5% because most BK21 graduates in STEM secure jobs within a year due to strong industry ties and training reputation; my lab's graduates often land positions quickly. The international collaboration rate is 30%, reflecting that about 30% of participants engage in co-authored papers or exchanges, supported by conference funding and collaboration incentives. The full-time faculty lecture ratio is 75%, as increased reliance on full-time faculty improves mentoring and educational quality, though part-time lecturers still cover some specialized courses. The evaluation and consulting feedback loops (280 sessions, 205 checks) help groups adjust strategies, boosting employment and collaboration rates. I disagree with any higher estimates because my STEM lab experience shows that while outputs are solid, employment and collaboration rates are constrained by field mix (humanities lower) and time needed for job placement. 대전의 and 서울's estimates align with mine, and I find their reasoning realistic given the policy constraints and typical output rates in non-STEM fields."
BK21,deepseek,BK21_deepseek_08,BK21_deepseek_08_Outcomes_initial_3,EarlyCareerResearcher:EarlyCareerResearcher,0.4070094410873392,0.3652081030722623,True,,"As an early-career researcher in economics at Hanyang University's BK21 innovative talent training team, I estimate the outcomes based on the prior phases: 800 graduate slots, 40 postdocs, 12 consulting sessions, and 8 compliance checks. The employment rate of 90% (720 out of 800 graduates) reflects strong network effects from BK21's reputation and training, though humanities fields have slightly lower rates than STEM. International collaboration rate of 40% (320 participants) is driven by conference support and collaboration incentives, but humanities groups have fewer co-authored papers than STEM. Full-time faculty lecture ratio of 85% is high due to program design emphasizing full-time faculty for quality mentoring, though some specialized courses still rely on part-time experts. Evaluation and consulting feedback loops help improve these rates by identifying weaknesses and sharing best practices. I agree with 한양대학교, 충청남도, and 서울's estimates as they align with my observations from my own research group and interactions across disciplines at Hanyang."
BK21,deepseek,BK21_deepseek_41,BK21_deepseek_41_Inputs_initial_2,GraduateStudent:GraduateStudent,0.40913141202564596,0.3652081030722623,True,,"As a doctoral student in mechanical engineering at Hanyang University, I am part of an education research group in robotics and autonomous driving. The policy context states the total national budget for 2022 is 408,080 million KRW, which I accept as ground truth. For Hanyang's share, I estimate about 19,000 graduate scholarship slots nationally (combining future talent and innovation tracks) and 1,000 postdoc positions. This is based on the stipend levels (master's 700K, doctoral 1.3M, doctoral candidate 1M KRW per month) and postdoc minimum salary of 3M KRW per month. With 577 education research groups nationally and about 12,600 graduate students in the future talent track plus 6,400 in the innovation track, the total slots align with the budget. My group's experience shows that operating costs are capped at 10%, so most funds go to personnel. The other participants' estimates seem reasonable from a national perspective, but I note that Hanyang's share would be smaller—perhaps around 200-300 graduate students and 10-20 postdocs, given the university's size and number of groups."
100E,deepseek,100E_deepseek_35,100E_deepseek_35_Outputs_initial_4,AIResearcher:AIResearcher,0.2353310970955968,0.27513742685571946,False,,"As an independent AI consultant who has guided many SMEs through their first AI pilots, I see the outputs phase as a direct result of the high-touch, quality-focused inputs and activities. With S$500M funding, a co-funding cap of S$330K per project, 500K GPU hours, and 50 trainers, the programme is designed for deep collaboration rather than mass production. The 120 outreach sessions, 24 matchmaking events, 30 workshops, and 150 onboarding assists from the activities phase will generate a focused pipeline. I estimate 80 approved 100E projects in 2023, because the rigorous selection process (no off-the-shelf solutions) and limited trainer capacity (50 trainers) cap the number of high-quality projects. Of these, about 60 will yield AI prototypes, as some projects may stall or pivot due to technical challenges or resource constraints. The AI Apprenticeship Programme, with 50 trainers and 30 workshops, can train about 120 completers (assuming 4 trainees per trainer per cohort, with some attrition). Finally, 70 enterprises will have at least one AI solution, as some enterprises may have multiple projects or share solutions. Jun, A, and I's estimates align closely, and I agree with their conservative approach given the programme's emphasis on quality over quantity. My own experience with resource-constrained AI projects reinforces that not all approved projects will produce a prototype, and not all prototypes will lead to a deployed solution."
100E,gemini,100E_gemini_24,100E_gemini_24_Outcomes_initial_2,PolicyRole:AI for Public Good Principle,0.25059426417126307,0.27513742685571946,False,,"As an AI technician trainee focused on inclusive AI adoption, I see these outcomes for 2023 as a crucial step towards ensuring AI benefits a broad range of enterprises, especially the smaller ones I aim to support. The 100 100E projects approved is a direct carry-over from the Outputs phase, a clear commitment to the program's name and its goal of engaging diverse businesses. While 75 prototypes were developed, my practical experience suggests that moving from a prototype to a fully production-deployed solution, especially for less digital-savvy SMEs, involves significant integration and operational challenges. Therefore, I agree with Wei and AI (tnxd1k)'s more pragmatic estimate of 55 deployed projects, which reflects a realistic conversion rate within the first year. This is vital for demonstrating tangible value and building confidence among businesses. For the AI practitioner pool, the 700 trainees who completed the program, combined with an assumed existing pool of 9,000, brings us to 9,700 practitioners. This is a good start, but clearly indicates that sustained effort is needed to reach the 15,000 target, which I understand as a trainee myself. I am confident that the target of 100 generative AI use cases has been met, given the explicit policy goal and the dedicated compute resources and onboarding support that directly aid in rapid development for accessibility. Finally, for the enterprise AI adoption rate, the 75 enterprises with new AI solutions from the 100E program contribute directly. I concur with the 27.0% estimate, as it represents a gradual but steady increase in the overall national adoption rate, driven by these successful projects and broader program efforts to build confidence and capability among businesses."
100E,gemini,100E_gemini_28,100E_gemini_28_Impact_revised_4,PolicyRole:AI for Public Good Principle,0.2561976495634511,0.27513742685571946,False,,"As a business analyst focused on practical AI adoption and economic impact, I foresee significant positive impacts by the end of 2023, driven by the robust outcomes from the previous phases. For 'global_ai_readiness_rank', I align with all other participants in predicting a rank of 5. The successful deployment of 78 projects, the substantial growth of the AI practitioner pool to 10,000, and the focus on real-world problem-solving will solidify Singapore's reputation as a leader in practical and impactful AI, enhancing its global standing. The 'ai_sector_gdp_share' will reach 2.1%. My estimate of 78 deployed projects and a 16% enterprise AI adoption rate, while slightly lower than Data's and A's, still represents a strong contribution to productivity and new AI-driven services, especially in traditional sectors like logistics. This is higher than AI's 1.9% and Lina's 2.0%, reflecting my persona's emphasis on tangible economic value from deployed solutions. For 'public_ai_trust_score', I anticipate 61.0%. The successful and visible deployment of 78 practical AI solutions, including 100 generative AI use cases, will foster greater public confidence through positive user experiences and efficiency gains, even if my persona doesn't explicitly focus on 'trustworthy AI' as much as others. This places my estimate above AI's and Lina's, but slightly below A's and Data's, acknowledging the positive impact of deployed solutions. Finally, the 'ai_talent_retention_rate' will be 79.0%. My prior estimate of 2,500 trainees completing programs, contributing to a 10,000-strong AI practitioner pool, combined with 78 deployed projects, creates a vibrant and attractive job market for AI talent. This robust environment, offering impactful work, will encourage a higher proportion of talent to remain in Singapore, surpassing AI's 75.0% and Lina's 78.0%, but slightly below A's and Data's higher estimates."
100E,deepseek,100E_deepseek_33,100E_deepseek_33_Impact_revised_1,AIPractitioner:AIPractitioner,0.2564075242300407,0.27513742685571946,False,,"As a data engineer in healthcare analytics, I see the Impact phase reflecting the early results of NAIS 2.0 within the 2023 window. The S$500 million investment and the 100E programme's quality-first approach, with 70 approved projects and 40 deployed, enhance Singapore's reputation for ethical AI governance, moving its global AI readiness rank to 5th. The AI sector's GDP share reaches 3.5%, driven by the 60 enterprises with solutions and 80 generative AI use cases beginning to contribute economically, though full impact will take years. Public trust in AI systems deployed in public services is 55%, reflecting cautious optimism: the focus on responsible AI and ethical validation in the 100E programme builds trust, but only 40 projects reached production, limiting public exposure. AI talent retention is 70%, as the 100 trainees who completed the programme and the broader practitioner pool of 12,000 find attractive opportunities in Singapore's growing AI ecosystem, though some may be lured abroad by higher salaries. I note that Dr. (mlk7tr) (AIResearcher) posted similar estimates, and I agree with their reasoning, as my experience with ethical deployment timelines in healthcare suggests these moderate figures are realistic for the first year."
100E,gemini,100E_gemini_12,100E_gemini_12_Activities_revised_1,AIResearcher:AIResearcher,0.2564956667071585,0.27513742685571946,False,,"As a Senior AI Scientist deeply involved in the 100 Experiments (100E) program, I see these activities as the crucial operational steps that translate the initial funding, compute resources, and trainer personnel into tangible engagement and capability building for 2023. The S$120 million in funding and 80 trainers provide a solid base for these efforts. To effectively bridge the gap between cutting-edge AI research and real-world enterprise problems, robust outreach is paramount. I estimate around 140 enterprise outreach sessions will be organized to identify compelling problem statements, ensuring that the 100E program has a strong pipeline of relevant challenges, particularly from SMEs I aim to support. Following this, approximately 18 dedicated researcher-enterprise matchmaking events will be essential to facilitate meaningful pairings, ensuring that the S$330,000 co-funding per project is directed towards impactful collaborations. From my perspective, the upskilling component is vital for successful AI adoption; therefore, I anticipate around 750 training workshops will be conducted for participating organizations, covering both foundational and advanced AI topics. Finally, to ensure that the allocated 2 million GPU hours and AI experimentation platforms are fully utilized, about 400 platform onboarding assistance sessions will be necessary to provide the technical support enterprises and researchers need to effectively leverage these tools. I concur with the estimates provided by the AI Training Specialist (A), as they align well with the practical requirements for implementing the policy's goals from an operational and enablement standpoint."
100E,gemini,100E_gemini_39,100E_gemini_39_Inputs_revised_2,AIResearcher:AIResearcher,0.26257460473442584,0.27513742685571946,False,,"As a senior research scientist in a government-funded AI lab, I have a clear understanding of the resources being deployed for NAIS 2.0, particularly for the initial phase in 2023. While the overall commitment is S$500 million, it's a multi-year strategy. For 2023, the initial allocation would be substantial to kickstart programs and infrastructure, but not the full amount. I agree with the AIPractitioner that S$150 million is a realistic figure for the first year's disbursement, representing a strong initial push. The S$330,000 co-funding cap for 100 Experiments is a well-known and critical detail for anyone involved in project proposals, and it's explicitly stated in the policy, so there's no debate there. From a research perspective, compute is paramount, and the 1,000,000 GPU hours estimated by others seems appropriate and necessary to support widespread experimentation and development. Finally, as a mentor in training programs, I know that human expertise is irreplaceable. To meet the ambitious talent development goals, a dedicated team of about 250 trainers and experts is essential to guide enterprises and practitioners effectively."
100E,deepseek,100E_deepseek_50,100E_deepseek_50_Impact_initial_0,AIResearcher:AIResearcher,0.264595418243939,0.27513742685571946,False,,"As an AI research scientist, I see NAIS 2.0's impact as solid but not transformative within the 2023 window. Singapore's global AI readiness rank likely improves to 5th, driven by strong policy execution and infrastructure, but competition from other nations limits a higher jump. The AI sector's GDP share reaches 4.2%, reflecting the 50 deployed 100E projects, 80 generative AI use cases, and 18% enterprise adoption, but AI is still a small slice of the economy. Public trust in AI systems is at 65%, as successful deployments in government services (e.g., fraud detection, chatbots) build confidence, but high-profile failures or privacy concerns keep trust moderate. AI talent retention is 82%, as the AIAP and industry opportunities retain most local talent, but some researchers leave for global tech hubs offering higher pay or cutting-edge problems. My estimates are grounded in the prior phases: 100 approved projects, 50 deployments, 12,000 practitioners, and 18% adoption suggest moderate but measurable progress. I disagree with any overly optimistic view that would rank Singapore top-3 or push GDP share above 5% in this early stage."
100E,gemini,100E_gemini_41,100E_gemini_41_Outputs_revised_1,PolicyRole:AI for Public Good Principle,0.2700433559851829,0.27513742685571946,False,,"As an early-career researcher focused on resource-efficient AI for the Public Good, I see the robust inputs and activities translating into tangible outputs for 2023. Given the S$100 million annual funding I estimated and the S$330,000 co-funding cap, along with 22 matchmaking events, I anticipate approximately 75 100E projects will receive approval. My perspective on resource-efficient AI suggests that a slightly higher number of projects can be funded compared to if all projects required maximum funding, allowing for more diverse and impactful initiatives. From these approved projects, I expect around 65 AI prototypes to be successfully developed, reflecting the practical, solution-oriented nature of the 100E scheme and my drive to see research translated into tangible tools. For talent development, the 150 trainers and 550 workshops are critical; I agree with the Senior PolicyRole that around 2,800 individuals will complete the AI apprenticeship or training programmes, as this aligns with the ambitious goal of boosting the AI practitioner pool. Finally, for enterprises with solutions, the 75 approved 100E projects will directly benefit enterprises. Additionally, considering initiatives like AI Trailblazers, which aims to generate 100 use cases, I estimate that a total of 140 enterprises will have at least one AI solution developed through the programme. This is slightly lower than the Senior PolicyRole's estimate of 165, as I am a bit more conservative on the immediate 'solution developed' outcome for all participants in the shorter-term AI Trailblazers initiative, focusing more on the full development cycle of 100E projects."
100E,deepseek,100E_deepseek_07,100E_deepseek_07_Outcomes_initial_0,AIResearcher:AIResearcher,0.2708341769535587,0.27513742685571946,False,,"As an AI researcher at NUS, I see the outputs phase showing 42 approved 100E projects, 28 prototypes, 110 trainees, and 35 enterprises with solutions. Given the resource constraints—420,000 GPU hours shared across programs and 140 trainers with administrative duties—I estimate that about 25 of the 28 prototypes will reach production deployment in 2023, as some face technical delays or require further refinement. The AI practitioner pool is approaching the 15,000 target but not yet there; with 110 trainees completing the 9-month program and existing practitioners, I estimate 13,500 total, as the pipeline is still ramping up. For generative AI use cases, the AI Trailblazers program targets 100 in 100 days, but practical constraints like enterprise readiness and compute limits mean I estimate 85 use cases developed. The enterprise AI adoption rate is observed at 18.5%, reflecting that while outreach and solutions are growing, many SMEs are still in early stages of adoption, consistent with my research showing moderate digital maturity."
100E,gemini,100E_gemini_19,100E_gemini_19_Outcomes_revised_1,AIResearcher:AIResearcher,0.2754086647451469,0.27513742685571946,True,,"As a Research Fellow, I see these outcomes for 2023 as a strong indication of the policy's initial success, reflecting a realistic progression from outputs to tangible impact. The '100 Experiments' program, true to its name and the significant co-funding, has successfully approved 100 projects, a direct and expected outcome from the previous phase. From the 70 prototypes developed, I estimate that 60 projects will have successfully transitioned to production deployment. While 65 enterprises adopted solutions, the step to full 'production deployment' involves further integration and validation, which can be complex even for resource-efficient AI solutions, hence a slightly lower number reflects this real-world challenge. Regarding talent, the 350 individuals completing intensive training programs are a crucial contribution to the AI practitioner pool. Considering the existing talent base and other upskilling initiatives, I estimate the total AI practitioner pool in Singapore to be around 12,500, showing significant progress towards the 15,000 target. The policy's explicit goal to generate 100 generative AI use cases in 100 days is a focused initiative, and I anticipate this target has been met, demonstrating agility in addressing emerging AI trends. Finally, while the 100E program contributed 65 enterprises with solutions, the overall enterprise AI adoption rate, encompassing all forms of AI integration, is likely around 8.5%. This reflects a steady but cautious integration of AI into business operations across Singapore, which is a realistic pace for widespread technological adoption, even with the push for resource-efficient solutions."
100E,gemini,100E_gemini_32,100E_gemini_32_Impact_revised_1,AIResearcher:AIResearcher,0.27791445284119565,0.27513742685571946,True,,"As a senior AI researcher, I see the culmination of the NAIS 2.0's initial year (2023) translating into significant, albeit early, impacts across these key areas. The successful deployment of 98 '100E' projects and the generation of 100 generative AI use cases, supported by the robust compute infrastructure I advocated for, clearly demonstrate Singapore's advanced capabilities and commitment to AI innovation. This strong showing should further solidify Singapore's position, leading to a slight improvement in its global AI readiness ranking, moving it to 3rd, aligning with A (6u34b4)'s optimistic view that Singapore is moving closer to the top spot. The economic value generated by these 98 deployed projects and the 100 enterprises adopting AI solutions, particularly in high-value, specialized domains like drug discovery that my persona focuses on, will contribute a growing share to the GDP. I estimate this at 1.6%, slightly higher than A (6u34b4)'s 1.5% because my persona prioritizes deep, impactful integration over broad, potentially shallower adoption, leading to higher value per solution. Regarding public trust, while the policy aims for a trusted environment, the direct impact of the 100E program, which is largely enterprise-focused, on public services trust might be indirect in this initial year. Therefore, I predict a modest increase to 69%, a cautious improvement from A (6u34b4)'s 68%, acknowledging the policy's intent but recognizing the time needed for broader public service AI deployment. Finally, the substantial growth of the AI practitioner pool to 14,000, coupled with the creation of numerous research and deployment opportunities, makes Singapore an extremely attractive hub for AI talent. The availability of funding and compute resources creates a vibrant ecosystem that fosters retention, leading me to predict an AI talent retention rate of 86%, slightly higher than A (6u34b4)'s 85%, reflecting the strong pull of the research opportunities and infrastructure that my persona values."
100E,gemini,100E_gemini_01,100E_gemini_01_Inputs_revised_3,AIResearcher:AIResearcher,0.2789833713268716,0.27513742685571946,True,,"As a research fellow specializing in privacy-preserving AI, my focus is on the direct, annual resources available for R&D projects in 2023. While the overall NAIS 2.0 commitment is substantial at over S$500 million, I concur with Mr. (AIResearcher) and Senior (AIPractitioner) that a more realistic annual allocation for direct R&D funding in 2023 would be S$180 million. This phased approach is typical for large national strategies and represents the actionable budget for new initiatives within the year. The co-funding cap of S$330,000 per project for 100 Experiments is explicitly stated in the policy and is a critical incentive for companies, especially those I collaborate with on sensitive data projects. For compute infrastructure, the consensus among other participants for 5 million GPU hours in 2023 is a necessary and realistic provision. My work in privacy-preserving AI often involves computationally intensive methods, so robust compute access is non-negotiable. Finally, having around 100 dedicated AI experts and trainers, as noted by all, is essential for guiding enterprises and ensuring the effective application of these resources, especially when dealing with complex or novel AI paradigms."
100E,deepseek,100E_deepseek_30,100E_deepseek_30_Outcomes_initial_0,PolicyRole:AI for Public Good Principle,0.2806002971758441,0.27513742685571946,True,,"Given the prior phases, I estimate that 30 100E projects were approved in 2023, consistent with the outputs phase. However, not all approved projects will reach production deployment within the same year due to the 9-month programme duration and typical delays in integration and testing. I estimate about 12 projects (40% of approved) will be fully deployed by end of 2023, as healthcare projects I've overseen often take 6-9 months from prototype to production. The AI practitioner pool is growing but likely around 12,000, short of the 15,000 target, because the 150 trainees from the programme and other upskilling efforts add incrementally to the existing base. For generative AI use cases, the AI Trailblazers programme targets 100 in 100 days, but I estimate 80 were actually created, as some enterprises may struggle to complete use cases within the tight timeframe. Enterprise AI adoption rate is around 18.5%, reflecting that while 25 enterprises have a solution from 100E, broader adoption across Singapore's enterprise base is still nascent, with many SMEs yet to adopt AI."
100E,gemini,100E_gemini_27,100E_gemini_27_Outcomes_initial_4,AIResearcher:AIResearcher,0.2813377146734199,0.27513742685571946,True,,"As a principal researcher focused on specialized AI accelerators, I view these outcomes as critical indicators of the program's success in fostering a robust AI ecosystem that can drive demand for advanced hardware. Building on the 150 100E projects approved in the Outputs phase, I maintain that this number represents the total approved for 2023. Of these, I predict that 110 projects will have reached production deployment. This figure directly correlates with the 110 enterprises that now possess an AI solution, which for my work, signifies tangible implementation and real-world application, essential for validating and creating a market for specialized AI hardware. The AI practitioner pool has seen a significant boost; with 6,000 new trainees completing programs, the total pool is approaching 12,000. While not yet at the 15,000 target, this is a substantial step towards building the human capital necessary to understand, implement, and ultimately demand advanced AI hardware. I am confident that the specific policy target of 100 generative AI use cases was met, given the dedicated 'AI Trailblazers' program and emphasis on rapid development, which showcases innovative applications. Finally, the observed enterprise AI adoption rate stands at a promising 2.5% for the first year, indicating initial traction in lowering adoption barriers and expanding the market for AI solutions. My estimates largely align with other participants, particularly the AI consultant and policy roles, as the direct link between 'enterprises with solution' and 'deployed projects' is a practical and impactful measure of success."
100E,gemini,100E_gemini_29,100E_gemini_29_Impact_revised_3,AIResearcher:AIResearcher,0.28806378923707604,0.27513742685571946,True,,"As a senior research engineer focused on AI for cybersecurity, my estimates for the 'Impact' phase reflect the significant gains in security, trust, and practical application driven by NAIS 2.0. Singapore's global AI readiness rank will solidify at 2. This is a direct consequence of the program's emphasis on robust, secure, and ethically sound AI deployments, particularly in critical areas like cybersecurity, which enhances Singapore's reputation for trustworthy innovation. I align with the other participants on this top-tier ranking, as the focus on security I championed directly contributes to global leadership. The AI sector's contribution to GDP will reach 1.3%. This is driven by the 62 high-value, secure AI solutions deployed in enterprises, which generate substantial economic impact by preventing losses and enabling new, secure services. This is higher than An (PolicyRole)'s 1.2% due to the quality and security of deployments, and aligns with AI (dwc49r)'s 1.3%, reflecting the high value of robust solutions. Public trust in AI systems deployed in public services will be high at 74%. My persona's consistent emphasis on secure system design, adversarial robustness, and thorough vetting for security vulnerabilities directly fosters this high level of public confidence. This places my estimate higher than An's 72% and Dr. (92aay3)'s 73%, and very close to AI (dwc49r)'s 75%, as security is foundational to trust. Finally, Singapore will achieve a strong AI talent retention rate of 84.5%. The creation of a vibrant ecosystem with advanced research opportunities in AI security, coupled with meaningful work on 62 deployed projects, makes Singapore highly attractive for top AI talent, ensuring they remain within the country. This is higher than An's 83% and slightly below AI (dwc49r)'s 85% and Dr. (92aay3)'s 85.5%, reflecting the strong pull of cutting-edge, secure AI challenges."
100E,deepseek,100E_deepseek_39,100E_deepseek_39_Outputs_revised_1,PolicyRole:AI for Public Good Principle,0.2882428510575932,0.27513742685571946,True,,"From my perspective as a fintech founder who has gone through the 100E programme, the inputs and activities phase set a strong foundation. With S$500 million in funding, a co-funding cap of S$330,000 per project, 1 million GPU hours, and 50 trainers, the programme is well-resourced. The 40 outreach sessions and 12 matchmaking events should generate enough problem statements to approve 100 projects, matching the programme's name and target. However, not all approved projects will yield a working prototype in the first year due to technical hurdles and iterative development; I estimate 75 prototypes built, slightly lower than Priya's 80 because I've seen many projects struggle with data quality and integration. The AI Apprenticeship Programme, with 20 workshops and 150 onboarding assists, likely produces about 140 completers, considering the 9-month duration and typical dropout rates. Finally, I estimate 85 enterprises with at least one AI solution, as some enterprises may have multiple projects or share solutions, but not all prototypes will be deployed in the first year."
100E,gemini,100E_gemini_28,100E_gemini_28_Outcomes_initial_0,PolicyRole:AI for Public Good Principle,0.28933566429502905,0.27513742685571946,True,,"As a business analyst focused on practical AI adoption, I anticipate significant outcomes in 2023, building on the strong outputs from the previous phase. The '100 Experiments' program's namesake and the universal agreement from the 'Outputs' phase lead me to confidently predict 100 approved projects. From the 90 AI prototypes developed, I expect a high conversion to deployment, estimating 78 projects reaching production. This reflects the program's focus on real-world problem-solving and my persona's emphasis on tangible implementation, especially for traditional sectors like logistics. Regarding the AI practitioner pool, my prior estimate of 2,500 trainees completing deep-skilling programs in 2023, combined with an existing base, brings the total pool to approximately 10,000. While this is a substantial boost, it indicates we are well on our way to 'approaching' the 15,000 target, but not yet fully there. For generative AI, the policy's explicit target of '100 generative AI use cases in 100 days' with dedicated support like AI Trailblazers, leads me to believe this specific, measurable goal will be met. Finally, for enterprise AI adoption, the 85 enterprises with solutions from 100E, alongside other initiatives, will contribute to a noticeable increase. I estimate the overall enterprise AI adoption rate to reach 16% in 2023, representing a solid step forward from a likely lower baseline, reflecting progress while acknowledging that widespread adoption takes time."
100E,gemini,100E_gemini_30,100E_gemini_30_Inputs_revised_3,AIResearcher:AIResearcher,0.29190312233172067,0.27513742685571946,True,,"As a Principal Research Scientist specializing in privacy-preserving AI, I see the initial inputs for NAIS 2.0 as a robust commitment to advancing Singapore's AI capabilities. The government's allocation of S$500 million for AI R&D is a strong signal of long-term strategic investment, which is essential for fostering deep-tech innovation and establishing Singapore as a global AI hub. The S$330,000 co-funding cap per 100E project is a practical and attractive incentive that can significantly de-risk innovative projects, allowing researchers like myself to collaborate with industry on cutting-edge solutions, particularly in sensitive areas like healthcare data where privacy is paramount. Access to substantial compute resources is non-negotiable for developing and testing advanced AI models, especially those involving complex cryptographic techniques or federated learning. The estimated 2.5 million GPU hours are a critical provision, aligning with the computational demands I've experienced in my work at DeepMind and in current research. Furthermore, the presence of around 75 dedicated AI experts and trainers is vital. Their guidance will not only accelerate technical development but also ensure that AI solutions are developed responsibly and ethically, which is a core focus of my work. I note that other participants have provided similar estimates for GPU hours and trainer personnel, which reinforces my view that these figures represent a well-considered and necessary foundation for the program's success."
100E,deepseek,100E_deepseek_12,100E_deepseek_12_Inputs_initial_4,AIPractitioner:AIPractitioner,0.2966692556765242,0.27513742685571946,True,,"As a senior data engineer in a large retail conglomerate, I see the NAIS 2.0 inputs as a solid foundation for scaling AI adoption in enterprises like mine. The policy explicitly commits over S$500 million for AI R&D, which I take as ground truth from the policy document. The co-funding cap of S$330,000 per 100E project is also stated and aligns with typical SME project scales I've seen in industry collaborations. For compute infrastructure, I estimate 500,000 GPU hours annually based on Singapore's scale and the need to support both research and enterprise experimentation—this is consistent with typical allocations for national AI programmes. Trainer personnel count is not explicitly stated, but given the need to guide enterprises across multiple programmes, I estimate 50 dedicated AI experts and trainers from AISG and partner institutions, which matches the posts from Ben and others. My perspective as a potential enterprise user emphasizes that these inputs must be accessible and practical for real-world problem-solving, especially in retail applications like demand forecasting and recommendation systems."
100E,deepseek,100E_deepseek_26,100E_deepseek_26_Impact_initial_2,PolicyRole:AI for Public Good Principle,0.3195444231403356,0.27513742685571946,True,,"As a retired teacher and community volunteer focused on protecting seniors from AI scams, I see the impact phase as the culmination of the programme's early efforts. With 80 approved 100E projects, 40 deployed projects, 12,000 AI practitioners, 80 generative AI use cases, and a 12.5% enterprise AI adoption rate, Singapore is making tangible progress. The global AI readiness rank improves to 5th, reflecting the programme's strong foundation and Singapore's proactive stance. The AI sector's GDP share reaches 3.5%, driven by deployed solutions and increased adoption. Public trust in AI systems reaches 65%, supported by the government's focus on governance and transparency. The AI talent retention rate is 85%, as the programme's mentorship and career opportunities encourage talent to stay. These estimates are consistent with the early-stage outcomes and the policy's expected outcomes. Other participants have posted identical estimates, which align with my independent reasoning, so I agree."
