set_name,scenario_uid,phase,target,beta,n
BK21_deepseek,BK21_deepseek_02,Inputs,total_funding_allocated,0.0,5
BK21_deepseek,BK21_deepseek_02,Inputs,graduate_scholarship_slots,0.0,5
BK21_deepseek,BK21_deepseek_02,Inputs,postdoc_positions,0.0,5
BK21_deepseek,BK21_deepseek_02,Activities,consulting_sessions_held,0.0,5
BK21_deepseek,BK21_deepseek_02,Activities,compliance_checks_executed,0.0,5
BK21_deepseek,BK21_deepseek_02,Outputs,publications_produced,0.0,5
BK21_deepseek,BK21_deepseek_02,Outputs,international_conference_presentations,0.0,5
BK21_deepseek,BK21_deepseek_03,Inputs,graduate_scholarship_slots,0.0,5
BK21_deepseek,BK21_deepseek_03,Inputs,postdoc_positions,0.0,5
BK21_deepseek,BK21_deepseek_03,Outputs,graduate_students_supported,0.0,5
BK21_deepseek,BK21_deepseek_03,Outputs,publications_produced,0.0,5
BK21_deepseek,BK21_deepseek_03,Outputs,postdoc_researchers_supported,0.0,5
BK21_deepseek,BK21_deepseek_03,Outputs,international_conference_presentations,0.0,5
BK21_deepseek,BK21_deepseek_04,Outputs,publications_produced,0.0,5
BK21_deepseek,BK21_deepseek_04,Outputs,international_conference_presentations,0.0,5
BK21_deepseek,BK21_deepseek_04,Impact,national_st_talent_competitiveness_rank,0.0,5
BK21_deepseek,BK21_deepseek_04,Impact,high_impact_publications_per_1000_researchers,0.0,5
BK21_deepseek,BK21_deepseek_05,Outputs,publications_produced,0.0,5
BK21_deepseek,BK21_deepseek_05,Outputs,international_conference_presentations,0.0,5
BK21_deepseek,BK21_deepseek_05,Impact,national_st_talent_competitiveness_rank,0.0,5
BK21_deepseek,BK21_deepseek_05,Impact,high_impact_publications_per_1000_researchers,0.0,5
BK21_deepseek,BK21_deepseek_06,Outcomes,graduate_employment_rate_of_bk21_participants_in_2022,0.0,5
BK21_deepseek,BK21_deepseek_06,Impact,national_st_talent_competitiveness_rank,0.0,5
BK21_deepseek,BK21_deepseek_06,Impact,high_impact_publications_per_1000_researchers,0.0,5
BK21_deepseek,BK21_deepseek_08,Inputs,total_funding_allocated,0.0,5
BK21_deepseek,BK21_deepseek_08,Inputs,graduate_scholarship_slots,0.0,5
BK21_deepseek,BK21_deepseek_08,Inputs,postdoc_positions,0.0,5
BK21_deepseek,BK21_deepseek_08,Activities,consulting_sessions_held,0.0,5
BK21_deepseek,BK21_deepseek_08,Activities,compliance_checks_executed,0.0,5
BK21_deepseek,BK21_deepseek_08,Outputs,publications_produced,0.0,5
BK21_deepseek,BK21_deepseek_08,Outputs,international_conference_presentations,0.0,5
BK21_deepseek,BK21_deepseek_09,Inputs,graduate_scholarship_slots,0.0,5
BK21_deepseek,BK21_deepseek_09,Inputs,postdoc_positions,0.0,5
BK21_deepseek,BK21_deepseek_09,Outputs,graduate_students_supported,0.0,5
BK21_deepseek,BK21_deepseek_09,Outputs,publications_produced,0.0,5
BK21_deepseek,BK21_deepseek_09,Outputs,postdoc_researchers_supported,0.0,5
BK21_deepseek,BK21_deepseek_09,Outputs,international_conference_presentations,0.0,5
BK21_deepseek,BK21_deepseek_10,Inputs,graduate_scholarship_slots,0.0,5
BK21_deepseek,BK21_deepseek_10,Inputs,postdoc_positions,0.0,5
BK21_deepseek,BK21_deepseek_10,Outputs,publications_produced,0.0,5
BK21_deepseek,BK21_deepseek_10,Outputs,international_conference_presentations,0.0,5
BK21_deepseek,BK21_deepseek_10,Impact,national_st_talent_competitiveness_rank,0.0,5
BK21_deepseek,BK21_deepseek_10,Impact,high_impact_publications_per_1000_researchers,0.0,5
BK21_deepseek,BK21_deepseek_12,Outputs,publications_produced,0.0,5
BK21_deepseek,BK21_deepseek_12,Outputs,international_conference_presentations,0.0,5
BK21_deepseek,BK21_deepseek_12,Impact,national_st_talent_competitiveness_rank,0.0,5
BK21_deepseek,BK21_deepseek_12,Impact,high_impact_publications_per_1000_researchers,0.0,5
BK21_deepseek,BK21_deepseek_14,Activities,consulting_sessions_held,0.0,5
BK21_deepseek,BK21_deepseek_14,Outputs,publications_produced,0.0,5
BK21_deepseek,BK21_deepseek_14,Outputs,international_conference_presentations,0.0,5
BK21_deepseek,BK21_deepseek_14,Outcomes,full_time_faculty_lecture_ratio,0.0,5
BK21_deepseek,BK21_deepseek_14,Outcomes,employment_rate,0.0,5
BK21_deepseek,BK21_deepseek_14,Outcomes,international_research_collaboration_rate_of_bk21_participants_in_2022,0.0,5
BK21_deepseek,BK21_deepseek_14,Outcomes,international_collaboration_rate,0.0,5
BK21_deepseek,BK21_deepseek_14,Outcomes,graduate_employment_rate_of_bk21_participants_in_2022,0.0,5
BK21_deepseek,BK21_deepseek_14,Impact,national_st_talent_competitiveness_rank,0.0,5
BK21_deepseek,BK21_deepseek_14,Impact,high_impact_publications_per_1000_researchers,0.0,5
BK21_deepseek,BK21_deepseek_15,Impact,national_st_talent_competitiveness_rank,0.0,5
BK21_deepseek,BK21_deepseek_15,Impact,high_impact_publications_per_1000_researchers,0.0,5
BK21_deepseek,BK21_deepseek_16,Inputs,total_funding_allocated,0.0,5
BK21_deepseek,BK21_deepseek_16,Inputs,graduate_scholarship_slots,0.0,5
BK21_deepseek,BK21_deepseek_16,Inputs,postdoc_positions,0.0,5
BK21_deepseek,BK21_deepseek_16,Activities,consulting_sessions_held,0.0,5
BK21_deepseek,BK21_deepseek_16,Activities,compliance_checks_executed,0.0,5
BK21_deepseek,BK21_deepseek_16,Outputs,publications_produced,0.0,5
BK21_deepseek,BK21_deepseek_17,Inputs,total_funding_allocated,0.0,5
BK21_deepseek,BK21_deepseek_17,Inputs,graduate_scholarship_slots,0.0,5
BK21_deepseek,BK21_deepseek_17,Inputs,postdoc_positions,0.0,5
BK21_deepseek,BK21_deepseek_17,Activities,total_funds_disbursed,0.0,5
BK21_deepseek,BK21_deepseek_17,Activities,consulting_sessions_held,0.0,5
BK21_deepseek,BK21_deepseek_17,Activities,compliance_checks_executed,0.0,5
BK21_deepseek,BK21_deepseek_17,Outputs,graduate_students_supported,0.0,5
BK21_deepseek,BK21_deepseek_17,Outputs,publications_produced,0.0,5
BK21_deepseek,BK21_deepseek_17,Outputs,postdoc_researchers_supported,0.0,5
BK21_deepseek,BK21_deepseek_17,Outputs,international_conference_presentations,0.0,5
BK21_deepseek,BK21_deepseek_17,Outcomes,full_time_faculty_lecture_ratio,0.0,5
BK21_deepseek,BK21_deepseek_17,Outcomes,employment_rate,0.0,5
BK21_deepseek,BK21_deepseek_17,Outcomes,international_research_collaboration_rate_of_bk21_participants_in_2022,0.0,5
BK21_deepseek,BK21_deepseek_17,Outcomes,international_collaboration_rate,0.0,5
BK21_deepseek,BK21_deepseek_17,Outcomes,graduate_employment_rate_of_bk21_participants_in_2022,0.0,5
BK21_deepseek,BK21_deepseek_17,Impact,national_st_talent_competitiveness_rank,0.0,5
BK21_deepseek,BK21_deepseek_17,Impact,high_impact_publications_per_1000_researchers,0.0,5
BK21_deepseek,BK21_deepseek_18,Inputs,total_funding_allocated,0.0,5
BK21_deepseek,BK21_deepseek_18,Inputs,graduate_scholarship_slots,0.0,5
BK21_deepseek,BK21_deepseek_18,Inputs,postdoc_positions,0.0,5
BK21_deepseek,BK21_deepseek_18,Activities,consulting_sessions_held,0.0,5
BK21_deepseek,BK21_deepseek_18,Activities,compliance_checks_executed,0.0,5
BK21_deepseek,BK21_deepseek_18,Outputs,publications_produced,0.0,5
BK21_deepseek,BK21_deepseek_18,Outputs,international_conference_presentations,0.0,5
BK21_deepseek,BK21_deepseek_18,Impact,national_st_talent_competitiveness_rank,0.0,5
BK21_deepseek,BK21_deepseek_18,Impact,high_impact_publications_per_1000_researchers,0.0,5
BK21_deepseek,BK21_deepseek_19,Inputs,graduate_scholarship_slots,0.0,5
BK21_deepseek,BK21_deepseek_19,Inputs,postdoc_positions,0.0,5
BK21_deepseek,BK21_deepseek_19,Activities,consulting_sessions_held,0.0,5
BK21_deepseek,BK21_deepseek_19,Activities,compliance_checks_executed,0.0,5
BK21_deepseek,BK21_deepseek_19,Outputs,publications_produced,0.0,5
BK21_deepseek,BK21_deepseek_19,Outputs,international_conference_presentations,0.0,5
BK21_deepseek,BK21_deepseek_19,Outcomes,employment_rate,0.0,5
BK21_deepseek,BK21_deepseek_19,Outcomes,international_research_collaboration_rate_of_bk21_participants_in_2022,0.0,5
BK21_deepseek,BK21_deepseek_19,Outcomes,international_collaboration_rate,0.0,5
BK21_deepseek,BK21_deepseek_19,Outcomes,graduate_employment_rate_of_bk21_participants_in_2022,0.0,5
BK21_deepseek,BK21_deepseek_19,Impact,national_st_talent_competitiveness_rank,0.0,5
BK21_deepseek,BK21_deepseek_19,Impact,high_impact_publications_per_1000_researchers,0.0,5
BK21_deepseek,BK21_deepseek_20,Inputs,total_funding_allocated,0.0,5
BK21_deepseek,BK21_deepseek_20,Inputs,graduate_scholarship_slots,0.0,5
BK21_deepseek,BK21_deepseek_20,Inputs,postdoc_positions,0.0,5
BK21_deepseek,BK21_deepseek_20,Activities,consulting_sessions_held,0.0,5
BK21_deepseek,BK21_deepseek_20,Activities,compliance_checks_executed,0.0,5
BK21_deepseek,BK21_deepseek_20,Outputs,publications_produced,0.0,5
BK21_deepseek,BK21_deepseek_20,Outputs,international_conference_presentations,0.0,5
BK21_deepseek,BK21_deepseek_20,Outcomes,full_time_faculty_lecture_ratio,0.0,5
BK21_deepseek,BK21_deepseek_20,Outcomes,employment_rate,0.0,5
BK21_deepseek,BK21_deepseek_20,Outcomes,international_research_collaboration_rate_of_bk21_participants_in_2022,0.0,5
BK21_deepseek,BK21_deepseek_20,Outcomes,international_collaboration_rate,0.0,5
BK21_deepseek,BK21_deepseek_20,Outcomes,graduate_employment_rate_of_bk21_participants_in_2022,0.0,5
BK21_deepseek,BK21_deepseek_20,Impact,national_st_talent_competitiveness_rank,0.0,5
BK21_deepseek,BK21_deepseek_20,Impact,high_impact_publications_per_1000_researchers,0.0,5
BK21_deepseek,BK21_deepseek_22,Inputs,total_funding_allocated,0.0,5
BK21_deepseek,BK21_deepseek_22,Inputs,graduate_scholarship_slots,0.0,5
BK21_deepseek,BK21_deepseek_22,Inputs,postdoc_positions,0.0,5
BK21_deepseek,BK21_deepseek_22,Activities,consulting_sessions_held,0.0,5
BK21_deepseek,BK21_deepseek_22,Activities,compliance_checks_executed,0.0,5
BK21_deepseek,BK21_deepseek_22,Outputs,graduate_students_supported,0.0,5
BK21_deepseek,BK21_deepseek_22,Outputs,publications_produced,0.0,5
BK21_deepseek,BK21_deepseek_22,Outputs,postdoc_researchers_supported,0.0,5
BK21_deepseek,BK21_deepseek_22,Outputs,international_conference_presentations,0.0,5
BK21_deepseek,BK21_deepseek_22,Impact,national_st_talent_competitiveness_rank,0.0,5
BK21_deepseek,BK21_deepseek_22,Impact,high_impact_publications_per_1000_researchers,0.0,5
BK21_deepseek,BK21_deepseek_23,Outputs,publications_produced,0.0,5
BK21_deepseek,BK21_deepseek_23,Outputs,international_conference_presentations,0.0,5
BK21_deepseek,BK21_deepseek_23,Impact,national_st_talent_competitiveness_rank,0.0,5
BK21_deepseek,BK21_deepseek_23,Impact,high_impact_publications_per_1000_researchers,0.0,5
BK21_deepseek,BK21_deepseek_24,Inputs,total_funding_allocated,0.0,5
BK21_deepseek,BK21_deepseek_24,Inputs,graduate_scholarship_slots,0.0,5
BK21_deepseek,BK21_deepseek_24,Inputs,postdoc_positions,0.0,5
BK21_deepseek,BK21_deepseek_24,Activities,consulting_sessions_held,0.0,5
BK21_deepseek,BK21_deepseek_24,Activities,compliance_checks_executed,0.0,5
BK21_deepseek,BK21_deepseek_24,Outputs,publications_produced,0.0,5
BK21_deepseek,BK21_deepseek_24,Outputs,international_conference_presentations,0.0,5
BK21_deepseek,BK21_deepseek_24,Outcomes,full_time_faculty_lecture_ratio,0.0,5
BK21_deepseek,BK21_deepseek_24,Outcomes,employment_rate,0.0,5
BK21_deepseek,BK21_deepseek_24,Outcomes,international_research_collaboration_rate_of_bk21_participants_in_2022,0.0,5
BK21_deepseek,BK21_deepseek_24,Outcomes,international_collaboration_rate,0.0,5
BK21_deepseek,BK21_deepseek_24,Outcomes,graduate_employment_rate_of_bk21_participants_in_2022,0.0,5
BK21_deepseek,BK21_deepseek_24,Impact,national_st_talent_competitiveness_rank,0.0,5
BK21_deepseek,BK21_deepseek_24,Impact,high_impact_publications_per_1000_researchers,0.0,5
BK21_deepseek,BK21_deepseek_25,Outputs,publications_produced,0.0,5
BK21_deepseek,BK21_deepseek_25,Outputs,international_conference_presentations,0.0,5
BK21_deepseek,BK21_deepseek_25,Impact,national_st_talent_competitiveness_rank,0.0,5
BK21_deepseek,BK21_deepseek_25,Impact,high_impact_publications_per_1000_researchers,0.0,5
BK21_deepseek,BK21_deepseek_26,Outputs,publications_produced,0.0,5
BK21_deepseek,BK21_deepseek_26,Outputs,international_conference_presentations,0.0,5
BK21_deepseek,BK21_deepseek_26,Impact,national_st_talent_competitiveness_rank,0.0,5
BK21_deepseek,BK21_deepseek_26,Impact,high_impact_publications_per_1000_researchers,0.0,5
BK21_deepseek,BK21_deepseek_29,Inputs,total_funding_allocated,0.0,5
BK21_deepseek,BK21_deepseek_29,Activities,total_funds_disbursed,0.0,5
BK21_deepseek,BK21_deepseek_29,Outputs,publications_produced,0.0,5
BK21_deepseek,BK21_deepseek_29,Outputs,international_conference_presentations,0.0,5
BK21_deepseek,BK21_deepseek_29,Outcomes,full_time_faculty_lecture_ratio,0.0,5
BK21_deepseek,BK21_deepseek_29,Outcomes,employment_rate,0.0,5
BK21_deepseek,BK21_deepseek_29,Outcomes,international_research_collaboration_rate_of_bk21_participants_in_2022,0.0,5
BK21_deepseek,BK21_deepseek_29,Outcomes,international_collaboration_rate,0.0,5
BK21_deepseek,BK21_deepseek_29,Outcomes,graduate_employment_rate_of_bk21_participants_in_2022,0.0,5
BK21_deepseek,BK21_deepseek_30,Outputs,publications_produced,0.0,5
BK21_deepseek,BK21_deepseek_30,Outputs,international_conference_presentations,0.0,5
BK21_deepseek,BK21_deepseek_30,Impact,national_st_talent_competitiveness_rank,0.0,5
BK21_deepseek,BK21_deepseek_30,Impact,high_impact_publications_per_1000_researchers,0.0,5
BK21_deepseek,BK21_deepseek_32,Inputs,total_funding_allocated,0.0,5
BK21_deepseek,BK21_deepseek_32,Inputs,graduate_scholarship_slots,0.0,5
BK21_deepseek,BK21_deepseek_32,Inputs,postdoc_positions,0.0,5
BK21_deepseek,BK21_deepseek_32,Activities,consulting_sessions_held,0.0,5
BK21_deepseek,BK21_deepseek_32,Activities,compliance_checks_executed,0.0,5
BK21_deepseek,BK21_deepseek_32,Outputs,publications_produced,0.0,5
BK21_deepseek,BK21_deepseek_32,Outputs,international_conference_presentations,0.0,5
BK21_deepseek,BK21_deepseek_32,Impact,national_st_talent_competitiveness_rank,0.0,5
BK21_deepseek,BK21_deepseek_32,Impact,high_impact_publications_per_1000_researchers,0.0,5
BK21_deepseek,BK21_deepseek_33,Outputs,publications_produced,0.0,5
BK21_deepseek,BK21_deepseek_33,Outputs,international_conference_presentations,0.0,5
BK21_deepseek,BK21_deepseek_33,Impact,national_st_talent_competitiveness_rank,0.0,5
BK21_deepseek,BK21_deepseek_33,Impact,high_impact_publications_per_1000_researchers,0.0,5
BK21_deepseek,BK21_deepseek_34,Inputs,total_funding_allocated,0.0,5
BK21_deepseek,BK21_deepseek_34,Inputs,graduate_scholarship_slots,0.0,5
BK21_deepseek,BK21_deepseek_34,Inputs,postdoc_positions,0.0,5
BK21_deepseek,BK21_deepseek_34,Activities,consulting_sessions_held,0.0,5
BK21_deepseek,BK21_deepseek_34,Activities,compliance_checks_executed,0.0,5
BK21_deepseek,BK21_deepseek_34,Outputs,publications_produced,0.0,5
BK21_deepseek,BK21_deepseek_34,Outputs,international_conference_presentations,0.0,5
BK21_deepseek,BK21_deepseek_35,Inputs,total_funding_allocated,0.0,5
BK21_deepseek,BK21_deepseek_35,Inputs,graduate_scholarship_slots,0.0,5
BK21_deepseek,BK21_deepseek_35,Inputs,postdoc_positions,0.0,5
BK21_deepseek,BK21_deepseek_35,Activities,consulting_sessions_held,0.0,5
BK21_deepseek,BK21_deepseek_35,Activities,compliance_checks_executed,0.0,5
BK21_deepseek,BK21_deepseek_36,Outputs,publications_produced,0.0,5
BK21_deepseek,BK21_deepseek_36,Outputs,international_conference_presentations,0.0,5
BK21_deepseek,BK21_deepseek_36,Outcomes,full_time_faculty_lecture_ratio,0.0,5
BK21_deepseek,BK21_deepseek_36,Outcomes,international_research_collaboration_rate_of_bk21_participants_in_2022,0.0,5
BK21_deepseek,BK21_deepseek_36,Outcomes,international_collaboration_rate,0.0,5
BK21_deepseek,BK21_deepseek_36,Impact,national_st_talent_competitiveness_rank,0.0,5
BK21_deepseek,BK21_deepseek_36,Impact,high_impact_publications_per_1000_researchers,0.0,5
BK21_deepseek,BK21_deepseek_37,Inputs,total_funding_allocated,0.0,5
BK21_deepseek,BK21_deepseek_37,Outputs,publications_produced,0.0,5
BK21_deepseek,BK21_deepseek_37,Outputs,international_conference_presentations,0.0,5
BK21_deepseek,BK21_deepseek_38,Outputs,publications_produced,0.0,5
BK21_deepseek,BK21_deepseek_38,Outputs,international_conference_presentations,0.0,5
BK21_deepseek,BK21_deepseek_39,Inputs,total_funding_allocated,0.0,5
BK21_deepseek,BK21_deepseek_39,Inputs,graduate_scholarship_slots,0.0,5
BK21_deepseek,BK21_deepseek_39,Inputs,postdoc_positions,0.0,5
BK21_deepseek,BK21_deepseek_39,Activities,consulting_sessions_held,0.0,5
BK21_deepseek,BK21_deepseek_39,Outputs,publications_produced,0.0,5
BK21_deepseek,BK21_deepseek_39,Outputs,international_conference_presentations,0.0,5
BK21_deepseek,BK21_deepseek_40,Inputs,total_funding_allocated,0.0,5
BK21_deepseek,BK21_deepseek_40,Inputs,graduate_scholarship_slots,0.0,5
BK21_deepseek,BK21_deepseek_40,Inputs,postdoc_positions,0.0,5
BK21_deepseek,BK21_deepseek_40,Outputs,publications_produced,0.0,5
BK21_deepseek,BK21_deepseek_40,Outputs,international_conference_presentations,0.0,5
BK21_deepseek,BK21_deepseek_40,Outcomes,full_time_faculty_lecture_ratio,0.0,5
BK21_deepseek,BK21_deepseek_40,Outcomes,employment_rate,0.0,5
BK21_deepseek,BK21_deepseek_40,Outcomes,international_research_collaboration_rate_of_bk21_participants_in_2022,0.0,5
BK21_deepseek,BK21_deepseek_40,Outcomes,international_collaboration_rate,0.0,5
BK21_deepseek,BK21_deepseek_40,Outcomes,graduate_employment_rate_of_bk21_participants_in_2022,0.0,5
BK21_deepseek,BK21_deepseek_40,Impact,national_st_talent_competitiveness_rank,0.0,5
BK21_deepseek,BK21_deepseek_40,Impact,high_impact_publications_per_1000_researchers,0.0,5
BK21_deepseek,BK21_deepseek_42,Outputs,publications_produced,0.0,5
BK21_deepseek,BK21_deepseek_42,Outputs,international_conference_presentations,0.0,5
BK21_deepseek,BK21_deepseek_44,Outputs,publications_produced,0.0,5
BK21_deepseek,BK21_deepseek_44,Impact,national_st_talent_competitiveness_rank,0.0,5
BK21_deepseek,BK21_deepseek_44,Impact,high_impact_publications_per_1000_researchers,0.0,5
BK21_deepseek,BK21_deepseek_45,Inputs,total_funding_allocated,0.0,5
BK21_deepseek,BK21_deepseek_45,Inputs,graduate_scholarship_slots,0.0,5
BK21_deepseek,BK21_deepseek_45,Inputs,postdoc_positions,0.0,5
BK21_deepseek,BK21_deepseek_45,Outputs,publications_produced,0.0,5
BK21_deepseek,BK21_deepseek_45,Outputs,international_conference_presentations,0.0,5
BK21_deepseek,BK21_deepseek_46,Inputs,total_funding_allocated,0.0,5
BK21_deepseek,BK21_deepseek_46,Inputs,graduate_scholarship_slots,0.0,5
BK21_deepseek,BK21_deepseek_46,Inputs,postdoc_positions,0.0,5
BK21_deepseek,BK21_deepseek_46,Activities,total_funds_disbursed,0.0,5
BK21_deepseek,BK21_deepseek_46,Outputs,graduate_students_supported,0.0,5
BK21_deepseek,BK21_deepseek_46,Outputs,publications_produced,0.0,5
BK21_deepseek,BK21_deepseek_46,Outputs,postdoc_researchers_supported,0.0,5
BK21_deepseek,BK21_deepseek_46,Outputs,international_conference_presentations,0.0,5
BK21_deepseek,BK21_deepseek_46,Outcomes,full_time_faculty_lecture_ratio,0.0,5
BK21_deepseek,BK21_deepseek_46,Outcomes,employment_rate,0.0,5
BK21_deepseek,BK21_deepseek_46,Outcomes,international_research_collaboration_rate_of_bk21_participants_in_2022,0.0,5
BK21_deepseek,BK21_deepseek_46,Outcomes,international_collaboration_rate,0.0,5
BK21_deepseek,BK21_deepseek_46,Outcomes,graduate_employment_rate_of_bk21_participants_in_2022,0.0,5
BK21_deepseek,BK21_deepseek_46,Impact,national_st_talent_competitiveness_rank,0.0,5
BK21_deepseek,BK21_deepseek_46,Impact,high_impact_publications_per_1000_researchers,0.0,5
BK21_deepseek,BK21_deepseek_47,Inputs,graduate_scholarship_slots,0.0,5
BK21_deepseek,BK21_deepseek_47,Inputs,postdoc_positions,0.0,5
BK21_deepseek,BK21_deepseek_47,Activities,consulting_sessions_held,0.0,5
BK21_deepseek,BK21_deepseek_47,Outputs,publications_produced,0.0,5
BK21_deepseek,BK21_deepseek_47,Outputs,international_conference_presentations,0.0,5
BK21_deepseek,BK21_deepseek_47,Outcomes,full_time_faculty_lecture_ratio,0.0,5
BK21_deepseek,BK21_deepseek_47,Outcomes,employment_rate,0.0,5
BK21_deepseek,BK21_deepseek_47,Outcomes,international_collaboration_rate,0.0,5
BK21_deepseek,BK21_deepseek_47,Impact,national_st_talent_competitiveness_rank,0.0,5
BK21_deepseek,BK21_deepseek_47,Impact,high_impact_publications_per_1000_researchers,0.0,5
BK21_deepseek,BK21_deepseek_48,Outputs,publications_produced,0.0,5
BK21_deepseek,BK21_deepseek_48,Outputs,international_conference_presentations,0.0,5
BK21_deepseek,BK21_deepseek_50,Inputs,total_funding_allocated,0.0,5
BK21_deepseek,BK21_deepseek_50,Inputs,graduate_scholarship_slots,0.0,5
BK21_deepseek,BK21_deepseek_50,Inputs,postdoc_positions,0.0,5
BK21_deepseek,BK21_deepseek_50,Activities,total_funds_disbursed,0.0,5
BK21_deepseek,BK21_deepseek_50,Activities,consulting_sessions_held,0.0,5
BK21_deepseek,BK21_deepseek_50,Activities,compliance_checks_executed,0.0,5
BK21_deepseek,BK21_deepseek_50,Outputs,publications_produced,0.0,5
BK21_deepseek,BK21_deepseek_50,Outputs,international_conference_presentations,0.0,5
BK21_deepseek,BK21_deepseek_50,Impact,national_st_talent_competitiveness_rank,0.0,5
BK21_deepseek,BK21_deepseek_50,Impact,high_impact_publications_per_1000_researchers,0.0,5
100E_deepseek,100E_deepseek_01,Activities,researcher_matchmaking_events,0.0,5
100E_deepseek,100E_deepseek_01,Activities,platform_onboarding_assists,0.0,5
100E_deepseek,100E_deepseek_01,Activities,training_workshops_held,0.0,5
100E_deepseek,100E_deepseek_01,Activities,enterprise_outreach_sessions,0.0,5
100E_deepseek,100E_deepseek_01,Outputs,approved_100e_projects,0.0,5
100E_deepseek,100E_deepseek_01,Outputs,enterprises_with_solution,0.0,5
100E_deepseek,100E_deepseek_01,Outputs,ai_prototypes_developed,0.0,5
100E_deepseek,100E_deepseek_01,Outputs,trainees_completed_programme,0.0,5
100E_deepseek,100E_deepseek_01,Outcomes,number_of_100e_projects_approved_in_2023,0.0,5
100E_deepseek,100E_deepseek_01,Outcomes,deployed_100e_projects,0.0,5
100E_deepseek,100E_deepseek_04,Activities,researcher_matchmaking_events,0.0,5
100E_deepseek,100E_deepseek_04,Activities,platform_onboarding_assists,0.0,5
100E_deepseek,100E_deepseek_04,Activities,training_workshops_held,0.0,5
100E_deepseek,100E_deepseek_04,Activities,enterprise_outreach_sessions,0.0,5
100E_deepseek,100E_deepseek_04,Outputs,approved_100e_projects,0.0,5
100E_deepseek,100E_deepseek_04,Outputs,enterprises_with_solution,0.0,5
100E_deepseek,100E_deepseek_04,Outputs,ai_prototypes_developed,0.0,5
100E_deepseek,100E_deepseek_04,Outputs,trainees_completed_programme,0.0,5
100E_deepseek,100E_deepseek_04,Outcomes,number_of_100e_projects_approved_in_2023,0.0,5
100E_deepseek,100E_deepseek_04,Outcomes,deployed_100e_projects,0.0,5
100E_deepseek,100E_deepseek_05,Activities,researcher_matchmaking_events,0.0,5
100E_deepseek,100E_deepseek_05,Activities,platform_onboarding_assists,0.0,5
100E_deepseek,100E_deepseek_05,Activities,training_workshops_held,0.0,5
100E_deepseek,100E_deepseek_05,Activities,enterprise_outreach_sessions,0.0,5
100E_deepseek,100E_deepseek_05,Outputs,enterprises_with_solution,0.0,5
100E_deepseek,100E_deepseek_05,Outputs,ai_prototypes_developed,0.0,5
100E_deepseek,100E_deepseek_05,Outputs,trainees_completed_programme,0.0,5
100E_deepseek,100E_deepseek_06,Activities,researcher_matchmaking_events,0.0,5
100E_deepseek,100E_deepseek_06,Activities,platform_onboarding_assists,0.0,5
100E_deepseek,100E_deepseek_06,Activities,training_workshops_held,0.0,5
100E_deepseek,100E_deepseek_06,Activities,enterprise_outreach_sessions,0.0,5
100E_deepseek,100E_deepseek_07,Inputs,trainer_personnel_count,0.0,5
100E_deepseek,100E_deepseek_07,Inputs,available_gpu_hours,0.0,5
100E_deepseek,100E_deepseek_07,Activities,researcher_matchmaking_events,0.0,5
100E_deepseek,100E_deepseek_07,Activities,platform_onboarding_assists,0.0,5
100E_deepseek,100E_deepseek_07,Activities,training_workshops_held,0.0,5
100E_deepseek,100E_deepseek_07,Activities,enterprise_outreach_sessions,0.0,5
100E_deepseek,100E_deepseek_07,Outputs,approved_100e_projects,0.0,5
100E_deepseek,100E_deepseek_07,Outputs,enterprises_with_solution,0.0,5
100E_deepseek,100E_deepseek_07,Outputs,ai_prototypes_developed,0.0,5
100E_deepseek,100E_deepseek_07,Outputs,trainees_completed_programme,0.0,5
100E_deepseek,100E_deepseek_07,Outcomes,number_of_100e_projects_approved_in_2023,0.0,5
100E_deepseek,100E_deepseek_07,Outcomes,deployed_100e_projects,0.0,5
100E_deepseek,100E_deepseek_07,Outcomes,enterprise_ai_adoption_rate,0.0,5
100E_deepseek,100E_deepseek_07,Outcomes,ai_practitioner_pool,0.0,5
100E_deepseek,100E_deepseek_07,Outcomes,generative_ai_use_cases,0.0,5
100E_deepseek,100E_deepseek_07,Impact,ai_talent_retention_rate,0.0,5
100E_deepseek,100E_deepseek_07,Impact,public_ai_trust_score,0.0,5
100E_deepseek,100E_deepseek_07,Impact,ai_sector_gdp_share,0.0,5
100E_deepseek,100E_deepseek_08,Inputs,trainer_personnel_count,0.0,5
100E_deepseek,100E_deepseek_08,Inputs,available_gpu_hours,0.0,5
100E_deepseek,100E_deepseek_08,Activities,researcher_matchmaking_events,0.0,5
100E_deepseek,100E_deepseek_08,Activities,platform_onboarding_assists,0.0,5
100E_deepseek,100E_deepseek_08,Activities,training_workshops_held,0.0,5
100E_deepseek,100E_deepseek_08,Activities,enterprise_outreach_sessions,0.0,5
100E_deepseek,100E_deepseek_08,Outputs,approved_100e_projects,0.0,5
100E_deepseek,100E_deepseek_08,Outputs,enterprises_with_solution,0.0,5
100E_deepseek,100E_deepseek_08,Outputs,ai_prototypes_developed,0.0,5
100E_deepseek,100E_deepseek_08,Outputs,trainees_completed_programme,0.0,5
100E_deepseek,100E_deepseek_08,Outcomes,number_of_100e_projects_approved_in_2023,0.0,5
100E_deepseek,100E_deepseek_08,Outcomes,deployed_100e_projects,0.0,5
100E_deepseek,100E_deepseek_08,Outcomes,enterprise_ai_adoption_rate,0.0,5
100E_deepseek,100E_deepseek_08,Outcomes,ai_practitioner_pool,0.0,5
100E_deepseek,100E_deepseek_08,Outcomes,generative_ai_use_cases,0.0,5
100E_deepseek,100E_deepseek_08,Impact,ai_talent_retention_rate,0.0,5
100E_deepseek,100E_deepseek_08,Impact,public_ai_trust_score,0.0,5
100E_deepseek,100E_deepseek_08,Impact,ai_sector_gdp_share,0.0,5
100E_deepseek,100E_deepseek_09,Activities,researcher_matchmaking_events,0.0,5
100E_deepseek,100E_deepseek_09,Activities,platform_onboarding_assists,0.0,5
100E_deepseek,100E_deepseek_09,Activities,training_workshops_held,0.0,5
100E_deepseek,100E_deepseek_09,Activities,enterprise_outreach_sessions,0.0,5
100E_deepseek,100E_deepseek_10,Outputs,enterprises_with_solution,0.0,5
100E_deepseek,100E_deepseek_10,Outputs,ai_prototypes_developed,0.0,5
100E_deepseek,100E_deepseek_10,Outcomes,deployed_100e_projects,0.0,5
100E_deepseek,100E_deepseek_10,Outcomes,enterprise_ai_adoption_rate,0.0,5
100E_deepseek,100E_deepseek_10,Outcomes,ai_practitioner_pool,0.0,5
100E_deepseek,100E_deepseek_11,Activities,researcher_matchmaking_events,0.0,5
100E_deepseek,100E_deepseek_11,Activities,platform_onboarding_assists,0.0,5
100E_deepseek,100E_deepseek_11,Activities,training_workshops_held,0.0,5
100E_deepseek,100E_deepseek_11,Activities,enterprise_outreach_sessions,0.0,5
100E_deepseek,100E_deepseek_11,Outputs,approved_100e_projects,0.0,5
100E_deepseek,100E_deepseek_11,Outputs,enterprises_with_solution,0.0,5
100E_deepseek,100E_deepseek_11,Outputs,ai_prototypes_developed,0.0,5
100E_deepseek,100E_deepseek_11,Outputs,trainees_completed_programme,0.0,5
100E_deepseek,100E_deepseek_11,Outcomes,number_of_100e_projects_approved_in_2023,0.0,5
100E_deepseek,100E_deepseek_11,Outcomes,deployed_100e_projects,0.0,5
100E_deepseek,100E_deepseek_11,Outcomes,enterprise_ai_adoption_rate,0.0,5
100E_deepseek,100E_deepseek_11,Outcomes,ai_practitioner_pool,0.0,5
100E_deepseek,100E_deepseek_11,Outcomes,generative_ai_use_cases,0.0,5
100E_deepseek,100E_deepseek_11,Impact,global_ai_readiness_rank,0.0,5
100E_deepseek,100E_deepseek_11,Impact,ai_talent_retention_rate,0.0,5
100E_deepseek,100E_deepseek_11,Impact,public_ai_trust_score,0.0,5
100E_deepseek,100E_deepseek_11,Impact,ai_sector_gdp_share,0.0,5
100E_deepseek,100E_deepseek_12,Activities,researcher_matchmaking_events,0.0,5
100E_deepseek,100E_deepseek_12,Activities,platform_onboarding_assists,0.0,5
100E_deepseek,100E_deepseek_12,Activities,training_workshops_held,0.0,5
100E_deepseek,100E_deepseek_12,Activities,enterprise_outreach_sessions,0.0,5
100E_deepseek,100E_deepseek_13,Activities,researcher_matchmaking_events,0.0,5
100E_deepseek,100E_deepseek_13,Activities,platform_onboarding_assists,0.0,5
100E_deepseek,100E_deepseek_13,Activities,training_workshops_held,0.0,5
100E_deepseek,100E_deepseek_13,Activities,enterprise_outreach_sessions,0.0,5
100E_deepseek,100E_deepseek_13,Outcomes,deployed_100e_projects,0.0,5
100E_deepseek,100E_deepseek_13,Outcomes,enterprise_ai_adoption_rate,0.0,5
100E_deepseek,100E_deepseek_13,Outcomes,ai_practitioner_pool,0.0,5
100E_deepseek,100E_deepseek_14,Outcomes,deployed_100e_projects,0.0,5
100E_deepseek,100E_deepseek_14,Outcomes,enterprise_ai_adoption_rate,0.0,5
100E_deepseek,100E_deepseek_14,Outcomes,ai_practitioner_pool,0.0,5
100E_deepseek,100E_deepseek_14,Outcomes,generative_ai_use_cases,0.0,5
100E_deepseek,100E_deepseek_15,Outputs,enterprises_with_solution,0.0,5
100E_deepseek,100E_deepseek_15,Outputs,ai_prototypes_developed,0.0,5
100E_deepseek,100E_deepseek_15,Outcomes,deployed_100e_projects,0.0,5
100E_deepseek,100E_deepseek_15,Outcomes,enterprise_ai_adoption_rate,0.0,5
100E_deepseek,100E_deepseek_15,Impact,global_ai_readiness_rank,0.0,5
100E_deepseek,100E_deepseek_15,Impact,ai_talent_retention_rate,0.0,5
100E_deepseek,100E_deepseek_15,Impact,public_ai_trust_score,0.0,5
100E_deepseek,100E_deepseek_15,Impact,ai_sector_gdp_share,0.0,5
100E_deepseek,100E_deepseek_16,Activities,researcher_matchmaking_events,0.0,5
100E_deepseek,100E_deepseek_16,Activities,platform_onboarding_assists,0.0,5
100E_deepseek,100E_deepseek_16,Activities,training_workshops_held,0.0,5
100E_deepseek,100E_deepseek_16,Activities,enterprise_outreach_sessions,0.0,5
100E_deepseek,100E_deepseek_16,Outputs,enterprises_with_solution,0.0,5
100E_deepseek,100E_deepseek_16,Outputs,ai_prototypes_developed,0.0,5
100E_deepseek,100E_deepseek_16,Outcomes,deployed_100e_projects,0.0,5
100E_deepseek,100E_deepseek_17,Activities,researcher_matchmaking_events,0.0,5
100E_deepseek,100E_deepseek_17,Activities,platform_onboarding_assists,0.0,5
100E_deepseek,100E_deepseek_17,Activities,training_workshops_held,0.0,5
100E_deepseek,100E_deepseek_17,Activities,enterprise_outreach_sessions,0.0,5
100E_deepseek,100E_deepseek_17,Outcomes,deployed_100e_projects,0.0,5
100E_deepseek,100E_deepseek_17,Outcomes,enterprise_ai_adoption_rate,0.0,5
100E_deepseek,100E_deepseek_17,Outcomes,ai_practitioner_pool,0.0,5
100E_deepseek,100E_deepseek_17,Impact,global_ai_readiness_rank,0.0,5
100E_deepseek,100E_deepseek_17,Impact,ai_talent_retention_rate,0.0,5
100E_deepseek,100E_deepseek_17,Impact,public_ai_trust_score,0.0,5
100E_deepseek,100E_deepseek_17,Impact,ai_sector_gdp_share,0.0,5
100E_deepseek,100E_deepseek_18,Inputs,trainer_personnel_count,0.0,5
100E_deepseek,100E_deepseek_18,Inputs,available_gpu_hours,0.0,5
100E_deepseek,100E_deepseek_18,Activities,researcher_matchmaking_events,0.0,5
100E_deepseek,100E_deepseek_18,Activities,platform_onboarding_assists,0.0,5
100E_deepseek,100E_deepseek_18,Activities,training_workshops_held,0.0,5
100E_deepseek,100E_deepseek_18,Activities,enterprise_outreach_sessions,0.0,5
100E_deepseek,100E_deepseek_18,Outputs,approved_100e_projects,0.0,5
100E_deepseek,100E_deepseek_18,Outputs,enterprises_with_solution,0.0,5
100E_deepseek,100E_deepseek_18,Outputs,ai_prototypes_developed,0.0,5
100E_deepseek,100E_deepseek_18,Outputs,trainees_completed_programme,0.0,5
100E_deepseek,100E_deepseek_18,Outcomes,number_of_100e_projects_approved_in_2023,0.0,5
100E_deepseek,100E_deepseek_18,Outcomes,deployed_100e_projects,0.0,5
100E_deepseek,100E_deepseek_18,Outcomes,enterprise_ai_adoption_rate,0.0,5
100E_deepseek,100E_deepseek_18,Outcomes,ai_practitioner_pool,0.0,5
100E_deepseek,100E_deepseek_18,Outcomes,generative_ai_use_cases,0.0,5
100E_deepseek,100E_deepseek_18,Impact,global_ai_readiness_rank,0.0,5
100E_deepseek,100E_deepseek_18,Impact,ai_talent_retention_rate,0.0,5
100E_deepseek,100E_deepseek_18,Impact,public_ai_trust_score,0.0,5
100E_deepseek,100E_deepseek_18,Impact,ai_sector_gdp_share,0.0,5
100E_deepseek,100E_deepseek_19,Activities,researcher_matchmaking_events,0.0,5
100E_deepseek,100E_deepseek_19,Activities,platform_onboarding_assists,0.0,5
100E_deepseek,100E_deepseek_19,Activities,training_workshops_held,0.0,5
100E_deepseek,100E_deepseek_19,Activities,enterprise_outreach_sessions,0.0,5
100E_deepseek,100E_deepseek_19,Outputs,approved_100e_projects,0.0,5
100E_deepseek,100E_deepseek_19,Outputs,enterprises_with_solution,0.0,5
100E_deepseek,100E_deepseek_19,Outputs,ai_prototypes_developed,0.0,5
100E_deepseek,100E_deepseek_19,Outputs,trainees_completed_programme,0.0,5
100E_deepseek,100E_deepseek_19,Outcomes,number_of_100e_projects_approved_in_2023,0.0,5
100E_deepseek,100E_deepseek_19,Outcomes,deployed_100e_projects,0.0,5
100E_deepseek,100E_deepseek_19,Outcomes,enterprise_ai_adoption_rate,0.0,5
100E_deepseek,100E_deepseek_19,Outcomes,ai_practitioner_pool,0.0,5
100E_deepseek,100E_deepseek_19,Outcomes,generative_ai_use_cases,0.0,5
100E_deepseek,100E_deepseek_20,Activities,researcher_matchmaking_events,0.0,5
100E_deepseek,100E_deepseek_20,Activities,platform_onboarding_assists,0.0,5
100E_deepseek,100E_deepseek_20,Activities,training_workshops_held,0.0,5
100E_deepseek,100E_deepseek_20,Activities,enterprise_outreach_sessions,0.0,5
100E_deepseek,100E_deepseek_20,Outputs,enterprises_with_solution,0.0,5
100E_deepseek,100E_deepseek_20,Outputs,ai_prototypes_developed,0.0,5
100E_deepseek,100E_deepseek_20,Outputs,trainees_completed_programme,0.0,5
100E_deepseek,100E_deepseek_21,Activities,researcher_matchmaking_events,0.0,5
100E_deepseek,100E_deepseek_21,Activities,platform_onboarding_assists,0.0,5
100E_deepseek,100E_deepseek_21,Activities,training_workshops_held,0.0,5
100E_deepseek,100E_deepseek_21,Activities,enterprise_outreach_sessions,0.0,5
100E_deepseek,100E_deepseek_21,Outputs,approved_100e_projects,0.0,5
100E_deepseek,100E_deepseek_21,Outputs,enterprises_with_solution,0.0,5
100E_deepseek,100E_deepseek_21,Outputs,ai_prototypes_developed,0.0,5
100E_deepseek,100E_deepseek_21,Outputs,trainees_completed_programme,0.0,5
100E_deepseek,100E_deepseek_21,Outcomes,number_of_100e_projects_approved_in_2023,0.0,5
100E_deepseek,100E_deepseek_21,Impact,global_ai_readiness_rank,0.0,5
100E_deepseek,100E_deepseek_21,Impact,ai_talent_retention_rate,0.0,5
100E_deepseek,100E_deepseek_21,Impact,public_ai_trust_score,0.0,5
100E_deepseek,100E_deepseek_21,Impact,ai_sector_gdp_share,0.0,5
100E_deepseek,100E_deepseek_22,Activities,researcher_matchmaking_events,0.0,5
100E_deepseek,100E_deepseek_22,Activities,platform_onboarding_assists,0.0,5
100E_deepseek,100E_deepseek_22,Activities,training_workshops_held,0.0,5
100E_deepseek,100E_deepseek_22,Activities,enterprise_outreach_sessions,0.0,5
100E_deepseek,100E_deepseek_22,Outputs,enterprises_with_solution,0.0,5
100E_deepseek,100E_deepseek_22,Outputs,ai_prototypes_developed,0.0,5
100E_deepseek,100E_deepseek_23,Activities,researcher_matchmaking_events,0.0,5
100E_deepseek,100E_deepseek_23,Activities,platform_onboarding_assists,0.0,5
100E_deepseek,100E_deepseek_23,Activities,training_workshops_held,0.0,5
100E_deepseek,100E_deepseek_23,Activities,enterprise_outreach_sessions,0.0,5
100E_deepseek,100E_deepseek_23,Outputs,enterprises_with_solution,0.0,5
100E_deepseek,100E_deepseek_23,Outputs,ai_prototypes_developed,0.0,5
100E_deepseek,100E_deepseek_23,Outcomes,deployed_100e_projects,0.0,5
100E_deepseek,100E_deepseek_23,Outcomes,enterprise_ai_adoption_rate,0.0,5
100E_deepseek,100E_deepseek_23,Outcomes,ai_practitioner_pool,0.0,5
100E_deepseek,100E_deepseek_25,Inputs,trainer_personnel_count,0.0,5
100E_deepseek,100E_deepseek_25,Inputs,available_gpu_hours,0.0,5
100E_deepseek,100E_deepseek_25,Activities,researcher_matchmaking_events,0.0,5
100E_deepseek,100E_deepseek_25,Activities,platform_onboarding_assists,0.0,5
100E_deepseek,100E_deepseek_25,Activities,training_workshops_held,0.0,5
100E_deepseek,100E_deepseek_25,Activities,enterprise_outreach_sessions,0.0,5
100E_deepseek,100E_deepseek_25,Outputs,approved_100e_projects,0.0,5
100E_deepseek,100E_deepseek_25,Outputs,enterprises_with_solution,0.0,5
100E_deepseek,100E_deepseek_25,Outputs,ai_prototypes_developed,0.0,5
100E_deepseek,100E_deepseek_25,Outputs,trainees_completed_programme,0.0,5
100E_deepseek,100E_deepseek_25,Outcomes,number_of_100e_projects_approved_in_2023,0.0,5
100E_deepseek,100E_deepseek_25,Outcomes,deployed_100e_projects,0.0,5
100E_deepseek,100E_deepseek_25,Outcomes,enterprise_ai_adoption_rate,0.0,5
100E_deepseek,100E_deepseek_25,Outcomes,ai_practitioner_pool,0.0,5
100E_deepseek,100E_deepseek_25,Outcomes,generative_ai_use_cases,0.0,5
100E_deepseek,100E_deepseek_25,Impact,global_ai_readiness_rank,0.0,5
100E_deepseek,100E_deepseek_25,Impact,ai_talent_retention_rate,0.0,5
100E_deepseek,100E_deepseek_25,Impact,public_ai_trust_score,0.0,5
100E_deepseek,100E_deepseek_25,Impact,ai_sector_gdp_share,0.0,5
100E_deepseek,100E_deepseek_29,Activities,researcher_matchmaking_events,0.0,5
100E_deepseek,100E_deepseek_29,Activities,platform_onboarding_assists,0.0,5
100E_deepseek,100E_deepseek_29,Activities,training_workshops_held,0.0,5
100E_deepseek,100E_deepseek_29,Activities,enterprise_outreach_sessions,0.0,5
100E_deepseek,100E_deepseek_30,Activities,researcher_matchmaking_events,0.0,5
100E_deepseek,100E_deepseek_30,Activities,platform_onboarding_assists,0.0,5
100E_deepseek,100E_deepseek_30,Activities,training_workshops_held,0.0,5
100E_deepseek,100E_deepseek_30,Activities,enterprise_outreach_sessions,0.0,5
100E_deepseek,100E_deepseek_32,Activities,researcher_matchmaking_events,0.0,5
100E_deepseek,100E_deepseek_32,Activities,platform_onboarding_assists,0.0,5
100E_deepseek,100E_deepseek_32,Activities,training_workshops_held,0.0,5
100E_deepseek,100E_deepseek_32,Activities,enterprise_outreach_sessions,0.0,5
100E_deepseek,100E_deepseek_32,Outputs,approved_100e_projects,0.0,5
100E_deepseek,100E_deepseek_32,Outputs,enterprises_with_solution,0.0,5
100E_deepseek,100E_deepseek_32,Outputs,ai_prototypes_developed,0.0,5
100E_deepseek,100E_deepseek_32,Outputs,trainees_completed_programme,0.0,5
100E_deepseek,100E_deepseek_32,Outcomes,number_of_100e_projects_approved_in_2023,0.0,5
100E_deepseek,100E_deepseek_32,Outcomes,deployed_100e_projects,0.0,5
100E_deepseek,100E_deepseek_32,Outcomes,enterprise_ai_adoption_rate,0.0,5
100E_deepseek,100E_deepseek_32,Outcomes,ai_practitioner_pool,0.0,5
100E_deepseek,100E_deepseek_32,Outcomes,generative_ai_use_cases,0.0,5
100E_deepseek,100E_deepseek_32,Impact,ai_talent_retention_rate,0.0,5
100E_deepseek,100E_deepseek_32,Impact,public_ai_trust_score,0.0,5
100E_deepseek,100E_deepseek_32,Impact,ai_sector_gdp_share,0.0,5
100E_deepseek,100E_deepseek_33,Activities,researcher_matchmaking_events,0.0,5
100E_deepseek,100E_deepseek_33,Activities,platform_onboarding_assists,0.0,5
100E_deepseek,100E_deepseek_33,Activities,training_workshops_held,0.0,5
100E_deepseek,100E_deepseek_33,Activities,enterprise_outreach_sessions,0.0,5
100E_deepseek,100E_deepseek_33,Outputs,approved_100e_projects,0.0,5
100E_deepseek,100E_deepseek_33,Outputs,enterprises_with_solution,0.0,5
100E_deepseek,100E_deepseek_33,Outputs,ai_prototypes_developed,0.0,5
100E_deepseek,100E_deepseek_33,Outputs,trainees_completed_programme,0.0,5
100E_deepseek,100E_deepseek_33,Outcomes,number_of_100e_projects_approved_in_2023,0.0,5
100E_deepseek,100E_deepseek_33,Outcomes,deployed_100e_projects,0.0,5
100E_deepseek,100E_deepseek_34,Activities,researcher_matchmaking_events,0.0,5
100E_deepseek,100E_deepseek_34,Activities,platform_onboarding_assists,0.0,5
100E_deepseek,100E_deepseek_34,Activities,training_workshops_held,0.0,5
100E_deepseek,100E_deepseek_34,Activities,enterprise_outreach_sessions,0.0,5
100E_deepseek,100E_deepseek_34,Outputs,approved_100e_projects,0.0,5
100E_deepseek,100E_deepseek_34,Outputs,enterprises_with_solution,0.0,5
100E_deepseek,100E_deepseek_34,Outputs,ai_prototypes_developed,0.0,5
100E_deepseek,100E_deepseek_34,Outputs,trainees_completed_programme,0.0,5
100E_deepseek,100E_deepseek_34,Outcomes,number_of_100e_projects_approved_in_2023,0.0,5
100E_deepseek,100E_deepseek_34,Outcomes,deployed_100e_projects,0.0,5
100E_deepseek,100E_deepseek_34,Outcomes,enterprise_ai_adoption_rate,0.0,5
100E_deepseek,100E_deepseek_34,Outcomes,ai_practitioner_pool,0.0,5
100E_deepseek,100E_deepseek_34,Outcomes,generative_ai_use_cases,0.0,5
100E_deepseek,100E_deepseek_35,Activities,researcher_matchmaking_events,0.0,5
100E_deepseek,100E_deepseek_35,Activities,platform_onboarding_assists,0.0,5
100E_deepseek,100E_deepseek_35,Activities,training_workshops_held,0.0,5
100E_deepseek,100E_deepseek_35,Activities,enterprise_outreach_sessions,0.0,5
100E_deepseek,100E_deepseek_36,Activities,researcher_matchmaking_events,0.0,5
100E_deepseek,100E_deepseek_36,Activities,training_workshops_held,0.0,5
100E_deepseek,100E_deepseek_36,Activities,enterprise_outreach_sessions,0.0,5
100E_deepseek,100E_deepseek_36,Outputs,enterprises_with_solution,0.0,5
100E_deepseek,100E_deepseek_36,Outputs,ai_prototypes_developed,0.0,5
100E_deepseek,100E_deepseek_36,Outcomes,deployed_100e_projects,0.0,5
100E_deepseek,100E_deepseek_36,Outcomes,enterprise_ai_adoption_rate,0.0,5
100E_deepseek,100E_deepseek_36,Outcomes,ai_practitioner_pool,0.0,5
100E_deepseek,100E_deepseek_36,Outcomes,generative_ai_use_cases,0.0,5
100E_deepseek,100E_deepseek_37,Outcomes,deployed_100e_projects,0.0,5
100E_deepseek,100E_deepseek_37,Impact,ai_talent_retention_rate,0.0,5
100E_deepseek,100E_deepseek_37,Impact,public_ai_trust_score,0.0,5
100E_deepseek,100E_deepseek_38,Activities,researcher_matchmaking_events,0.0,5
100E_deepseek,100E_deepseek_38,Activities,platform_onboarding_assists,0.0,5
100E_deepseek,100E_deepseek_38,Activities,training_workshops_held,0.0,5
100E_deepseek,100E_deepseek_38,Activities,enterprise_outreach_sessions,0.0,5
100E_deepseek,100E_deepseek_38,Outputs,approved_100e_projects,0.0,5
100E_deepseek,100E_deepseek_38,Outputs,enterprises_with_solution,0.0,5
100E_deepseek,100E_deepseek_38,Outputs,ai_prototypes_developed,0.0,5
100E_deepseek,100E_deepseek_38,Outputs,trainees_completed_programme,0.0,5
100E_deepseek,100E_deepseek_38,Outcomes,number_of_100e_projects_approved_in_2023,0.0,5
100E_deepseek,100E_deepseek_38,Outcomes,deployed_100e_projects,0.0,5
100E_deepseek,100E_deepseek_38,Outcomes,enterprise_ai_adoption_rate,0.0,5
100E_deepseek,100E_deepseek_38,Outcomes,ai_practitioner_pool,0.0,5
100E_deepseek,100E_deepseek_38,Outcomes,generative_ai_use_cases,0.0,5
100E_deepseek,100E_deepseek_38,Impact,global_ai_readiness_rank,0.0,5
100E_deepseek,100E_deepseek_38,Impact,ai_talent_retention_rate,0.0,5
100E_deepseek,100E_deepseek_38,Impact,public_ai_trust_score,0.0,5
100E_deepseek,100E_deepseek_38,Impact,ai_sector_gdp_share,0.0,5
100E_deepseek,100E_deepseek_39,Outputs,enterprises_with_solution,0.0,5
100E_deepseek,100E_deepseek_39,Outputs,ai_prototypes_developed,0.0,5
100E_deepseek,100E_deepseek_39,Outputs,trainees_completed_programme,0.0,5
100E_deepseek,100E_deepseek_40,Activities,researcher_matchmaking_events,0.0,5
100E_deepseek,100E_deepseek_40,Activities,training_workshops_held,0.0,5
100E_deepseek,100E_deepseek_40,Activities,enterprise_outreach_sessions,0.0,5
100E_deepseek,100E_deepseek_40,Outputs,approved_100e_projects,0.0,5
100E_deepseek,100E_deepseek_40,Outputs,enterprises_with_solution,0.0,5
100E_deepseek,100E_deepseek_40,Outputs,ai_prototypes_developed,0.0,5
100E_deepseek,100E_deepseek_40,Outputs,trainees_completed_programme,0.0,5
100E_deepseek,100E_deepseek_40,Outcomes,number_of_100e_projects_approved_in_2023,0.0,5
100E_deepseek,100E_deepseek_40,Outcomes,deployed_100e_projects,0.0,5
100E_deepseek,100E_deepseek_40,Outcomes,enterprise_ai_adoption_rate,0.0,5
100E_deepseek,100E_deepseek_40,Outcomes,ai_practitioner_pool,0.0,5
100E_deepseek,100E_deepseek_40,Outcomes,generative_ai_use_cases,0.0,5
100E_deepseek,100E_deepseek_42,Inputs,trainer_personnel_count,0.0,5
100E_deepseek,100E_deepseek_42,Inputs,available_gpu_hours,0.0,5
100E_deepseek,100E_deepseek_42,Activities,researcher_matchmaking_events,0.0,5
100E_deepseek,100E_deepseek_42,Activities,platform_onboarding_assists,0.0,5
100E_deepseek,100E_deepseek_42,Activities,training_workshops_held,0.0,5
100E_deepseek,100E_deepseek_42,Activities,enterprise_outreach_sessions,0.0,5
100E_deepseek,100E_deepseek_42,Impact,global_ai_readiness_rank,0.0,5
100E_deepseek,100E_deepseek_42,Impact,ai_talent_retention_rate,0.0,5
100E_deepseek,100E_deepseek_42,Impact,public_ai_trust_score,0.0,5
100E_deepseek,100E_deepseek_42,Impact,ai_sector_gdp_share,0.0,5
100E_deepseek,100E_deepseek_44,Inputs,trainer_personnel_count,0.0,5
100E_deepseek,100E_deepseek_44,Activities,researcher_matchmaking_events,0.0,5
100E_deepseek,100E_deepseek_44,Activities,platform_onboarding_assists,0.0,5
100E_deepseek,100E_deepseek_44,Activities,training_workshops_held,0.0,5
100E_deepseek,100E_deepseek_44,Activities,enterprise_outreach_sessions,0.0,5
100E_deepseek,100E_deepseek_44,Outputs,approved_100e_projects,0.0,5
100E_deepseek,100E_deepseek_44,Outputs,enterprises_with_solution,0.0,5
100E_deepseek,100E_deepseek_44,Outputs,ai_prototypes_developed,0.0,5
100E_deepseek,100E_deepseek_44,Outputs,trainees_completed_programme,0.0,5
100E_deepseek,100E_deepseek_44,Outcomes,number_of_100e_projects_approved_in_2023,0.0,5
100E_deepseek,100E_deepseek_44,Outcomes,deployed_100e_projects,0.0,5
100E_deepseek,100E_deepseek_44,Outcomes,enterprise_ai_adoption_rate,0.0,5
100E_deepseek,100E_deepseek_44,Outcomes,ai_practitioner_pool,0.0,5
100E_deepseek,100E_deepseek_44,Outcomes,generative_ai_use_cases,0.0,5
100E_deepseek,100E_deepseek_45,Activities,researcher_matchmaking_events,0.0,5
100E_deepseek,100E_deepseek_45,Activities,platform_onboarding_assists,0.0,5
100E_deepseek,100E_deepseek_45,Activities,training_workshops_held,0.0,5
100E_deepseek,100E_deepseek_45,Activities,enterprise_outreach_sessions,0.0,5
100E_deepseek,100E_deepseek_45,Outputs,approved_100e_projects,0.0,5
100E_deepseek,100E_deepseek_45,Outputs,enterprises_with_solution,0.0,5
100E_deepseek,100E_deepseek_45,Outputs,ai_prototypes_developed,0.0,5
100E_deepseek,100E_deepseek_45,Outputs,trainees_completed_programme,0.0,5
100E_deepseek,100E_deepseek_45,Outcomes,number_of_100e_projects_approved_in_2023,0.0,5
100E_deepseek,100E_deepseek_47,Activities,researcher_matchmaking_events,0.0,5
100E_deepseek,100E_deepseek_47,Activities,platform_onboarding_assists,0.0,5
100E_deepseek,100E_deepseek_47,Activities,training_workshops_held,0.0,5
100E_deepseek,100E_deepseek_47,Activities,enterprise_outreach_sessions,0.0,5
100E_deepseek,100E_deepseek_47,Outcomes,deployed_100e_projects,0.0,5
100E_deepseek,100E_deepseek_48,Activities,researcher_matchmaking_events,0.0,5
100E_deepseek,100E_deepseek_48,Activities,platform_onboarding_assists,0.0,5
100E_deepseek,100E_deepseek_48,Activities,training_workshops_held,0.0,5
100E_deepseek,100E_deepseek_48,Activities,enterprise_outreach_sessions,0.0,5
100E_deepseek,100E_deepseek_49,Activities,researcher_matchmaking_events,0.0,5
100E_deepseek,100E_deepseek_49,Activities,platform_onboarding_assists,0.0,5
100E_deepseek,100E_deepseek_49,Activities,training_workshops_held,0.0,5
100E_deepseek,100E_deepseek_49,Activities,enterprise_outreach_sessions,0.0,5
100E_deepseek,100E_deepseek_49,Outputs,enterprises_with_solution,0.0,5
100E_deepseek,100E_deepseek_49,Outputs,ai_prototypes_developed,0.0,5
100E_deepseek,100E_deepseek_49,Outputs,trainees_completed_programme,0.0,5
100E_deepseek,100E_deepseek_49,Outcomes,deployed_100e_projects,0.0,5
100E_deepseek,100E_deepseek_49,Outcomes,enterprise_ai_adoption_rate,0.0,5
100E_deepseek,100E_deepseek_49,Outcomes,ai_practitioner_pool,0.0,5
100E_deepseek,100E_deepseek_49,Impact,ai_talent_retention_rate,0.0,5
100E_deepseek,100E_deepseek_49,Impact,public_ai_trust_score,0.0,5
100E_deepseek,100E_deepseek_49,Impact,ai_sector_gdp_share,0.0,5
100E_deepseek,100E_deepseek_50,Outputs,enterprises_with_solution,0.0,5
100E_deepseek,100E_deepseek_50,Outputs,ai_prototypes_developed,0.0,5
100E_deepseek,100E_deepseek_50,Outputs,trainees_completed_programme,0.0,5
100E_deepseek,100E_deepseek_50,Outcomes,deployed_100e_projects,0.0,5
100E_deepseek,100E_deepseek_50,Outcomes,enterprise_ai_adoption_rate,0.0,5
100E_deepseek,100E_deepseek_50,Outcomes,ai_practitioner_pool,0.0,5
100E_deepseek,100E_deepseek_50,Outcomes,generative_ai_use_cases,0.0,5
100E_gemini,100E_gemini_01,Inputs,total_funding_sgd,0.0,5
100E_gemini,100E_gemini_01,Activities,researcher_matchmaking_events,0.0,5
100E_gemini,100E_gemini_01,Activities,training_workshops_held,0.0,5
100E_gemini,100E_gemini_01,Activities,enterprise_outreach_sessions,0.0,5
100E_gemini,100E_gemini_01,Outputs,approved_100e_projects,0.0,5
100E_gemini,100E_gemini_01,Outputs,enterprises_with_solution,0.0,5
100E_gemini,100E_gemini_01,Outputs,ai_prototypes_developed,0.0,5
100E_gemini,100E_gemini_01,Outcomes,number_of_100e_projects_approved_in_2023,0.0,5
100E_gemini,100E_gemini_01,Outcomes,deployed_100e_projects,0.0,5
100E_gemini,100E_gemini_01,Outcomes,ai_practitioner_pool,0.0,5
100E_gemini,100E_gemini_01,Outcomes,generative_ai_use_cases,0.0,5
100E_gemini,100E_gemini_01,Impact,global_ai_readiness_rank,0.0,5
100E_gemini,100E_gemini_01,Impact,public_ai_trust_score,0.0,5
100E_gemini,100E_gemini_03,Activities,enterprise_outreach_sessions,0.0,5
100E_gemini,100E_gemini_03,Outputs,approved_100e_projects,0.0,5
100E_gemini,100E_gemini_03,Outputs,enterprises_with_solution,0.0,5
100E_gemini,100E_gemini_03,Outputs,ai_prototypes_developed,0.0,5
100E_gemini,100E_gemini_03,Outcomes,number_of_100e_projects_approved_in_2023,0.0,5
100E_gemini,100E_gemini_03,Outcomes,deployed_100e_projects,0.0,5
100E_gemini,100E_gemini_03,Impact,ai_talent_retention_rate,0.0,5
100E_gemini,100E_gemini_03,Impact,public_ai_trust_score,0.0,5
100E_gemini,100E_gemini_05,Activities,enterprise_outreach_sessions,0.0,5
100E_gemini,100E_gemini_05,Outputs,enterprises_with_solution,0.0,5
100E_gemini,100E_gemini_05,Outputs,ai_prototypes_developed,0.0,5
100E_gemini,100E_gemini_05,Outcomes,deployed_100e_projects,0.0,5
100E_gemini,100E_gemini_06,Activities,enterprise_outreach_sessions,0.0,5
100E_gemini,100E_gemini_06,Outputs,approved_100e_projects,0.0,5
100E_gemini,100E_gemini_06,Outputs,enterprises_with_solution,0.0,5
100E_gemini,100E_gemini_06,Outputs,ai_prototypes_developed,0.0,5
100E_gemini,100E_gemini_06,Outcomes,number_of_100e_projects_approved_in_2023,0.0,5
100E_gemini,100E_gemini_06,Outcomes,deployed_100e_projects,0.0,5
100E_gemini,100E_gemini_06,Outcomes,enterprise_ai_adoption_rate,0.0,5
100E_gemini,100E_gemini_06,Impact,global_ai_readiness_rank,0.0,5
100E_gemini,100E_gemini_06,Impact,ai_talent_retention_rate,0.0,5
100E_gemini,100E_gemini_06,Impact,public_ai_trust_score,0.0,5
100E_gemini,100E_gemini_06,Impact,ai_sector_gdp_share,0.0,5
100E_gemini,100E_gemini_07,Activities,enterprise_outreach_sessions,0.0,5
100E_gemini,100E_gemini_07,Outputs,approved_100e_projects,0.0,5
100E_gemini,100E_gemini_07,Outputs,enterprises_with_solution,0.0,5
100E_gemini,100E_gemini_07,Outputs,ai_prototypes_developed,0.0,5
100E_gemini,100E_gemini_07,Outcomes,number_of_100e_projects_approved_in_2023,0.0,5
100E_gemini,100E_gemini_07,Outcomes,deployed_100e_projects,0.0,5
100E_gemini,100E_gemini_07,Outcomes,enterprise_ai_adoption_rate,0.0,5
100E_gemini,100E_gemini_07,Impact,global_ai_readiness_rank,0.0,5
100E_gemini,100E_gemini_07,Impact,ai_talent_retention_rate,0.0,5
100E_gemini,100E_gemini_07,Impact,public_ai_trust_score,0.0,5
100E_gemini,100E_gemini_07,Impact,ai_sector_gdp_share,0.0,5
100E_gemini,100E_gemini_08,Activities,researcher_matchmaking_events,0.0,5
100E_gemini,100E_gemini_08,Activities,platform_onboarding_assists,0.0,5
100E_gemini,100E_gemini_08,Activities,training_workshops_held,0.0,5
100E_gemini,100E_gemini_08,Activities,enterprise_outreach_sessions,0.0,5
100E_gemini,100E_gemini_08,Outputs,approved_100e_projects,0.0,5
100E_gemini,100E_gemini_08,Outputs,enterprises_with_solution,0.0,5
100E_gemini,100E_gemini_08,Outputs,ai_prototypes_developed,0.0,5
100E_gemini,100E_gemini_08,Outcomes,number_of_100e_projects_approved_in_2023,0.0,5
100E_gemini,100E_gemini_08,Outcomes,deployed_100e_projects,0.0,5
100E_gemini,100E_gemini_08,Outcomes,enterprise_ai_adoption_rate,0.0,5
100E_gemini,100E_gemini_08,Impact,ai_talent_retention_rate,0.0,5
100E_gemini,100E_gemini_08,Impact,public_ai_trust_score,0.0,5
100E_gemini,100E_gemini_08,Impact,ai_sector_gdp_share,0.0,5
100E_gemini,100E_gemini_09,Inputs,trainer_personnel_count,0.0,5
100E_gemini,100E_gemini_09,Inputs,available_gpu_hours,0.0,5
100E_gemini,100E_gemini_09,Activities,researcher_matchmaking_events,0.0,5
100E_gemini,100E_gemini_09,Activities,platform_onboarding_assists,0.0,5
100E_gemini,100E_gemini_09,Activities,enterprise_outreach_sessions,0.0,5
100E_gemini,100E_gemini_10,Outputs,approved_100e_projects,0.0,5
100E_gemini,100E_gemini_10,Outputs,enterprises_with_solution,0.0,5
100E_gemini,100E_gemini_10,Outputs,ai_prototypes_developed,0.0,5
100E_gemini,100E_gemini_10,Outputs,trainees_completed_programme,0.0,5
100E_gemini,100E_gemini_10,Outcomes,number_of_100e_projects_approved_in_2023,0.0,5
100E_gemini,100E_gemini_10,Outcomes,deployed_100e_projects,0.0,5
100E_gemini,100E_gemini_10,Impact,global_ai_readiness_rank,0.0,5
100E_gemini,100E_gemini_10,Impact,ai_talent_retention_rate,0.0,5
100E_gemini,100E_gemini_10,Impact,public_ai_trust_score,0.0,5
100E_gemini,100E_gemini_10,Impact,ai_sector_gdp_share,0.0,5
100E_gemini,100E_gemini_11,Activities,researcher_matchmaking_events,0.0,5
100E_gemini,100E_gemini_11,Activities,platform_onboarding_assists,0.0,5
100E_gemini,100E_gemini_11,Activities,training_workshops_held,0.0,5
100E_gemini,100E_gemini_11,Activities,enterprise_outreach_sessions,0.0,5
100E_gemini,100E_gemini_11,Outputs,approved_100e_projects,0.0,5
100E_gemini,100E_gemini_11,Outputs,enterprises_with_solution,0.0,5
100E_gemini,100E_gemini_11,Outputs,ai_prototypes_developed,0.0,5
100E_gemini,100E_gemini_11,Outcomes,number_of_100e_projects_approved_in_2023,0.0,5
100E_gemini,100E_gemini_11,Outcomes,deployed_100e_projects,0.0,5
100E_gemini,100E_gemini_11,Impact,ai_talent_retention_rate,0.0,5
100E_gemini,100E_gemini_11,Impact,public_ai_trust_score,0.0,5
100E_gemini,100E_gemini_12,Outputs,ai_prototypes_developed,0.0,5
100E_gemini,100E_gemini_12,Outcomes,deployed_100e_projects,0.0,5
100E_gemini,100E_gemini_13,Inputs,total_funding_sgd,0.0,5
100E_gemini,100E_gemini_13,Activities,researcher_matchmaking_events,0.0,5
100E_gemini,100E_gemini_13,Activities,platform_onboarding_assists,0.0,5
100E_gemini,100E_gemini_13,Impact,global_ai_readiness_rank,0.0,5
100E_gemini,100E_gemini_14,Activities,training_workshops_held,0.0,5
100E_gemini,100E_gemini_14,Outputs,enterprises_with_solution,0.0,5
100E_gemini,100E_gemini_14,Outcomes,deployed_100e_projects,0.0,5
100E_gemini,100E_gemini_14,Outcomes,enterprise_ai_adoption_rate,0.0,5
100E_gemini,100E_gemini_15,Activities,platform_onboarding_assists,0.0,5
100E_gemini,100E_gemini_15,Activities,training_workshops_held,0.0,5
100E_gemini,100E_gemini_15,Activities,enterprise_outreach_sessions,0.0,5
100E_gemini,100E_gemini_15,Outputs,approved_100e_projects,0.0,5
100E_gemini,100E_gemini_15,Outputs,enterprises_with_solution,0.0,5
100E_gemini,100E_gemini_15,Outputs,ai_prototypes_developed,0.0,5
100E_gemini,100E_gemini_15,Outputs,trainees_completed_programme,0.0,5
100E_gemini,100E_gemini_15,Outcomes,number_of_100e_projects_approved_in_2023,0.0,5
100E_gemini,100E_gemini_15,Outcomes,deployed_100e_projects,0.0,5
100E_gemini,100E_gemini_15,Outcomes,ai_practitioner_pool,0.0,5
100E_gemini,100E_gemini_15,Impact,public_ai_trust_score,0.0,5
100E_gemini,100E_gemini_16,Activities,researcher_matchmaking_events,0.0,5
100E_gemini,100E_gemini_16,Activities,platform_onboarding_assists,0.0,5
100E_gemini,100E_gemini_16,Activities,enterprise_outreach_sessions,0.0,5
100E_gemini,100E_gemini_16,Outputs,approved_100e_projects,0.0,5
100E_gemini,100E_gemini_16,Outputs,enterprises_with_solution,0.0,5
100E_gemini,100E_gemini_16,Outputs,ai_prototypes_developed,0.0,5
100E_gemini,100E_gemini_16,Outcomes,number_of_100e_projects_approved_in_2023,0.0,5
100E_gemini,100E_gemini_16,Outcomes,deployed_100e_projects,0.0,5
100E_gemini,100E_gemini_17,Activities,researcher_matchmaking_events,0.0,5
100E_gemini,100E_gemini_17,Activities,platform_onboarding_assists,0.0,5
100E_gemini,100E_gemini_17,Activities,training_workshops_held,0.0,5
100E_gemini,100E_gemini_17,Activities,enterprise_outreach_sessions,0.0,5
100E_gemini,100E_gemini_17,Outputs,approved_100e_projects,0.0,5
100E_gemini,100E_gemini_17,Outputs,enterprises_with_solution,0.0,5
100E_gemini,100E_gemini_17,Outputs,ai_prototypes_developed,0.0,5
100E_gemini,100E_gemini_17,Outputs,trainees_completed_programme,0.0,5
100E_gemini,100E_gemini_17,Outcomes,number_of_100e_projects_approved_in_2023,0.0,5
100E_gemini,100E_gemini_17,Outcomes,deployed_100e_projects,0.0,5
100E_gemini,100E_gemini_17,Outcomes,enterprise_ai_adoption_rate,0.0,5
100E_gemini,100E_gemini_17,Outcomes,ai_practitioner_pool,0.0,5
100E_gemini,100E_gemini_17,Outcomes,generative_ai_use_cases,0.0,5
100E_gemini,100E_gemini_17,Impact,ai_talent_retention_rate,0.0,5
100E_gemini,100E_gemini_17,Impact,ai_sector_gdp_share,0.0,5
100E_gemini,100E_gemini_18,Activities,enterprise_outreach_sessions,0.0,5
100E_gemini,100E_gemini_18,Outputs,approved_100e_projects,0.0,5
100E_gemini,100E_gemini_18,Outputs,enterprises_with_solution,0.0,5
100E_gemini,100E_gemini_18,Outputs,ai_prototypes_developed,0.0,5
100E_gemini,100E_gemini_18,Outcomes,number_of_100e_projects_approved_in_2023,0.0,5
100E_gemini,100E_gemini_18,Outcomes,deployed_100e_projects,0.0,5
100E_gemini,100E_gemini_19,Activities,training_workshops_held,0.0,5
100E_gemini,100E_gemini_19,Activities,enterprise_outreach_sessions,0.0,5
100E_gemini,100E_gemini_20,Outputs,approved_100e_projects,0.0,5
100E_gemini,100E_gemini_20,Outputs,ai_prototypes_developed,0.0,5
100E_gemini,100E_gemini_20,Outcomes,number_of_100e_projects_approved_in_2023,0.0,5
100E_gemini,100E_gemini_20,Outcomes,deployed_100e_projects,0.0,5
100E_gemini,100E_gemini_21,Activities,researcher_matchmaking_events,0.0,5
100E_gemini,100E_gemini_21,Activities,platform_onboarding_assists,0.0,5
100E_gemini,100E_gemini_21,Activities,training_workshops_held,0.0,5
100E_gemini,100E_gemini_21,Activities,enterprise_outreach_sessions,0.0,5
100E_gemini,100E_gemini_21,Outputs,trainees_completed_programme,0.0,5
100E_gemini,100E_gemini_21,Outcomes,deployed_100e_projects,0.0,5
100E_gemini,100E_gemini_22,Inputs,trainer_personnel_count,0.0,5
100E_gemini,100E_gemini_22,Inputs,available_gpu_hours,0.0,5
100E_gemini,100E_gemini_22,Activities,researcher_matchmaking_events,0.0,5
100E_gemini,100E_gemini_22,Activities,platform_onboarding_assists,0.0,5
100E_gemini,100E_gemini_22,Activities,training_workshops_held,0.0,5
100E_gemini,100E_gemini_22,Activities,enterprise_outreach_sessions,0.0,5
100E_gemini,100E_gemini_22,Outputs,approved_100e_projects,0.0,5
100E_gemini,100E_gemini_22,Outputs,enterprises_with_solution,0.0,5
100E_gemini,100E_gemini_22,Outputs,ai_prototypes_developed,0.0,5
100E_gemini,100E_gemini_22,Outputs,trainees_completed_programme,0.0,5
100E_gemini,100E_gemini_22,Outcomes,number_of_100e_projects_approved_in_2023,0.0,5
100E_gemini,100E_gemini_22,Outcomes,deployed_100e_projects,0.0,5
100E_gemini,100E_gemini_22,Impact,global_ai_readiness_rank,0.0,5
100E_gemini,100E_gemini_23,Activities,training_workshops_held,0.0,5
100E_gemini,100E_gemini_23,Activities,enterprise_outreach_sessions,0.0,5
100E_gemini,100E_gemini_23,Outputs,approved_100e_projects,0.0,5
100E_gemini,100E_gemini_23,Outputs,ai_prototypes_developed,0.0,5
100E_gemini,100E_gemini_23,Outputs,trainees_completed_programme,0.0,5
100E_gemini,100E_gemini_23,Outcomes,number_of_100e_projects_approved_in_2023,0.0,5
100E_gemini,100E_gemini_23,Outcomes,ai_practitioner_pool,0.0,5
100E_gemini,100E_gemini_24,Activities,researcher_matchmaking_events,0.0,5
100E_gemini,100E_gemini_25,Activities,researcher_matchmaking_events,0.0,5
100E_gemini,100E_gemini_25,Outputs,approved_100e_projects,0.0,5
100E_gemini,100E_gemini_25,Outputs,enterprises_with_solution,0.0,5
100E_gemini,100E_gemini_25,Outputs,ai_prototypes_developed,0.0,5
100E_gemini,100E_gemini_25,Outcomes,number_of_100e_projects_approved_in_2023,0.0,5
100E_gemini,100E_gemini_25,Outcomes,deployed_100e_projects,0.0,5
100E_gemini,100E_gemini_25,Outcomes,enterprise_ai_adoption_rate,0.0,5
100E_gemini,100E_gemini_25,Impact,ai_sector_gdp_share,0.0,5
100E_gemini,100E_gemini_26,Inputs,available_gpu_hours,0.0,5
100E_gemini,100E_gemini_26,Activities,researcher_matchmaking_events,0.0,5
100E_gemini,100E_gemini_26,Activities,platform_onboarding_assists,0.0,5
100E_gemini,100E_gemini_26,Activities,training_workshops_held,0.0,5
100E_gemini,100E_gemini_26,Activities,enterprise_outreach_sessions,0.0,5
100E_gemini,100E_gemini_26,Outputs,approved_100e_projects,0.0,5
100E_gemini,100E_gemini_26,Outputs,enterprises_with_solution,0.0,5
100E_gemini,100E_gemini_26,Outputs,ai_prototypes_developed,0.0,5
100E_gemini,100E_gemini_26,Outputs,trainees_completed_programme,0.0,5
100E_gemini,100E_gemini_26,Outcomes,number_of_100e_projects_approved_in_2023,0.0,5
100E_gemini,100E_gemini_26,Outcomes,deployed_100e_projects,0.0,5
100E_gemini,100E_gemini_26,Outcomes,enterprise_ai_adoption_rate,0.0,5
100E_gemini,100E_gemini_26,Outcomes,ai_practitioner_pool,0.0,5
100E_gemini,100E_gemini_26,Impact,ai_talent_retention_rate,0.0,5
100E_gemini,100E_gemini_26,Impact,ai_sector_gdp_share,0.0,5
100E_gemini,100E_gemini_27,Inputs,total_funding_sgd,0.0,5
100E_gemini,100E_gemini_27,Outcomes,deployed_100e_projects,0.0,5
100E_gemini,100E_gemini_28,Inputs,trainer_personnel_count,0.0,5
100E_gemini,100E_gemini_28,Inputs,total_funding_sgd,0.0,5
100E_gemini,100E_gemini_28,Inputs,available_gpu_hours,0.0,5
100E_gemini,100E_gemini_28,Activities,researcher_matchmaking_events,0.0,5
100E_gemini,100E_gemini_28,Activities,platform_onboarding_assists,0.0,5
100E_gemini,100E_gemini_28,Activities,training_workshops_held,0.0,5
100E_gemini,100E_gemini_28,Activities,enterprise_outreach_sessions,0.0,5
100E_gemini,100E_gemini_28,Outputs,enterprises_with_solution,0.0,5
100E_gemini,100E_gemini_28,Outputs,ai_prototypes_developed,0.0,5
100E_gemini,100E_gemini_28,Outputs,trainees_completed_programme,0.0,5
100E_gemini,100E_gemini_28,Outcomes,deployed_100e_projects,0.0,5
100E_gemini,100E_gemini_28,Outcomes,enterprise_ai_adoption_rate,0.0,5
100E_gemini,100E_gemini_28,Outcomes,ai_practitioner_pool,0.0,5
100E_gemini,100E_gemini_28,Impact,ai_talent_retention_rate,0.0,5
100E_gemini,100E_gemini_28,Impact,public_ai_trust_score,0.0,5
100E_gemini,100E_gemini_28,Impact,ai_sector_gdp_share,0.0,5
100E_gemini,100E_gemini_29,Inputs,trainer_personnel_count,0.0,5
100E_gemini,100E_gemini_29,Inputs,total_funding_sgd,0.0,5
100E_gemini,100E_gemini_29,Inputs,available_gpu_hours,0.0,5
100E_gemini,100E_gemini_29,Activities,researcher_matchmaking_events,0.0,5
100E_gemini,100E_gemini_29,Activities,platform_onboarding_assists,0.0,5
100E_gemini,100E_gemini_29,Activities,training_workshops_held,0.0,5
100E_gemini,100E_gemini_29,Activities,enterprise_outreach_sessions,0.0,5
100E_gemini,100E_gemini_29,Outputs,approved_100e_projects,0.0,5
100E_gemini,100E_gemini_29,Outputs,enterprises_with_solution,0.0,5
100E_gemini,100E_gemini_29,Outputs,ai_prototypes_developed,0.0,5
100E_gemini,100E_gemini_29,Outputs,trainees_completed_programme,0.0,5
100E_gemini,100E_gemini_29,Outcomes,number_of_100e_projects_approved_in_2023,0.0,5
100E_gemini,100E_gemini_29,Outcomes,deployed_100e_projects,0.0,5
100E_gemini,100E_gemini_29,Outcomes,enterprise_ai_adoption_rate,0.0,5
100E_gemini,100E_gemini_29,Outcomes,ai_practitioner_pool,0.0,5
100E_gemini,100E_gemini_29,Outcomes,generative_ai_use_cases,0.0,5
100E_gemini,100E_gemini_29,Impact,ai_talent_retention_rate,0.0,5
100E_gemini,100E_gemini_29,Impact,public_ai_trust_score,0.0,5
100E_gemini,100E_gemini_29,Impact,ai_sector_gdp_share,0.0,5
100E_gemini,100E_gemini_30,Activities,platform_onboarding_assists,0.0,5
100E_gemini,100E_gemini_30,Activities,training_workshops_held,0.0,5
100E_gemini,100E_gemini_30,Activities,enterprise_outreach_sessions,0.0,5
100E_gemini,100E_gemini_30,Outputs,approved_100e_projects,0.0,5
100E_gemini,100E_gemini_30,Outputs,enterprises_with_solution,0.0,5
100E_gemini,100E_gemini_30,Outputs,ai_prototypes_developed,0.0,5
100E_gemini,100E_gemini_30,Outputs,trainees_completed_programme,0.0,5
100E_gemini,100E_gemini_30,Outcomes,number_of_100e_projects_approved_in_2023,0.0,5
100E_gemini,100E_gemini_30,Outcomes,deployed_100e_projects,0.0,5
100E_gemini,100E_gemini_31,Inputs,total_funding_sgd,0.0,5
100E_gemini,100E_gemini_31,Activities,researcher_matchmaking_events,0.0,5
100E_gemini,100E_gemini_31,Activities,platform_onboarding_assists,0.0,5
100E_gemini,100E_gemini_31,Activities,training_workshops_held,0.0,5
100E_gemini,100E_gemini_31,Activities,enterprise_outreach_sessions,0.0,5
100E_gemini,100E_gemini_31,Outputs,approved_100e_projects,0.0,5
100E_gemini,100E_gemini_31,Outputs,enterprises_with_solution,0.0,5
100E_gemini,100E_gemini_31,Outputs,ai_prototypes_developed,0.0,5
100E_gemini,100E_gemini_31,Outcomes,number_of_100e_projects_approved_in_2023,0.0,5
100E_gemini,100E_gemini_31,Outcomes,deployed_100e_projects,0.0,5
100E_gemini,100E_gemini_32,Inputs,trainer_personnel_count,0.0,5
100E_gemini,100E_gemini_32,Inputs,total_funding_sgd,0.0,5
100E_gemini,100E_gemini_32,Inputs,available_gpu_hours,0.0,5
100E_gemini,100E_gemini_32,Activities,researcher_matchmaking_events,0.0,5
100E_gemini,100E_gemini_32,Activities,platform_onboarding_assists,0.0,5
100E_gemini,100E_gemini_32,Activities,training_workshops_held,0.0,5
100E_gemini,100E_gemini_32,Activities,enterprise_outreach_sessions,0.0,5
100E_gemini,100E_gemini_32,Outputs,approved_100e_projects,0.0,5
100E_gemini,100E_gemini_32,Outputs,enterprises_with_solution,0.0,5
100E_gemini,100E_gemini_32,Outputs,ai_prototypes_developed,0.0,5
100E_gemini,100E_gemini_32,Outputs,trainees_completed_programme,0.0,5
100E_gemini,100E_gemini_32,Outcomes,number_of_100e_projects_approved_in_2023,0.0,5
100E_gemini,100E_gemini_32,Outcomes,deployed_100e_projects,0.0,5
100E_gemini,100E_gemini_32,Outcomes,enterprise_ai_adoption_rate,0.0,5
100E_gemini,100E_gemini_32,Outcomes,ai_practitioner_pool,0.0,5
100E_gemini,100E_gemini_32,Impact,ai_talent_retention_rate,0.0,5
100E_gemini,100E_gemini_32,Impact,public_ai_trust_score,0.0,5
100E_gemini,100E_gemini_32,Impact,ai_sector_gdp_share,0.0,5
100E_gemini,100E_gemini_33,Activities,researcher_matchmaking_events,0.0,5
100E_gemini,100E_gemini_33,Activities,platform_onboarding_assists,0.0,5
100E_gemini,100E_gemini_33,Activities,training_workshops_held,0.0,5
100E_gemini,100E_gemini_33,Activities,enterprise_outreach_sessions,0.0,5
100E_gemini,100E_gemini_33,Outputs,enterprises_with_solution,0.0,5
100E_gemini,100E_gemini_33,Outputs,ai_prototypes_developed,0.0,5
100E_gemini,100E_gemini_33,Outcomes,deployed_100e_projects,0.0,5
100E_gemini,100E_gemini_33,Outcomes,enterprise_ai_adoption_rate,0.0,5
100E_gemini,100E_gemini_33,Impact,global_ai_readiness_rank,0.0,5
100E_gemini,100E_gemini_33,Impact,ai_talent_retention_rate,0.0,5
100E_gemini,100E_gemini_33,Impact,public_ai_trust_score,0.0,5
100E_gemini,100E_gemini_33,Impact,ai_sector_gdp_share,0.0,5
100E_gemini,100E_gemini_34,Activities,researcher_matchmaking_events,0.0,5
100E_gemini,100E_gemini_34,Activities,training_workshops_held,0.0,5
100E_gemini,100E_gemini_34,Activities,enterprise_outreach_sessions,0.0,5
100E_gemini,100E_gemini_34,Outputs,approved_100e_projects,0.0,5
100E_gemini,100E_gemini_34,Outputs,enterprises_with_solution,0.0,5
100E_gemini,100E_gemini_34,Outputs,ai_prototypes_developed,0.0,5
100E_gemini,100E_gemini_34,Outcomes,number_of_100e_projects_approved_in_2023,0.0,5
100E_gemini,100E_gemini_34,Outcomes,deployed_100e_projects,0.0,5
100E_gemini,100E_gemini_34,Impact,ai_talent_retention_rate,0.0,5
100E_gemini,100E_gemini_34,Impact,public_ai_trust_score,0.0,5
100E_gemini,100E_gemini_35,Activities,researcher_matchmaking_events,0.0,5
100E_gemini,100E_gemini_35,Activities,platform_onboarding_assists,0.0,5
100E_gemini,100E_gemini_35,Activities,training_workshops_held,0.0,5
100E_gemini,100E_gemini_35,Activities,enterprise_outreach_sessions,0.0,5
100E_gemini,100E_gemini_35,Outputs,enterprises_with_solution,0.0,5
100E_gemini,100E_gemini_35,Outputs,ai_prototypes_developed,0.0,5
100E_gemini,100E_gemini_35,Outcomes,deployed_100e_projects,0.0,5
100E_gemini,100E_gemini_36,Activities,researcher_matchmaking_events,0.0,5
100E_gemini,100E_gemini_36,Activities,platform_onboarding_assists,0.0,5
100E_gemini,100E_gemini_36,Activities,training_workshops_held,0.0,5
100E_gemini,100E_gemini_36,Activities,enterprise_outreach_sessions,0.0,5
100E_gemini,100E_gemini_36,Outputs,approved_100e_projects,0.0,5
100E_gemini,100E_gemini_36,Outputs,enterprises_with_solution,0.0,5
100E_gemini,100E_gemini_36,Outputs,ai_prototypes_developed,0.0,5
100E_gemini,100E_gemini_36,Outputs,trainees_completed_programme,0.0,5
100E_gemini,100E_gemini_36,Outcomes,number_of_100e_projects_approved_in_2023,0.0,5
100E_gemini,100E_gemini_36,Outcomes,deployed_100e_projects,0.0,5
100E_gemini,100E_gemini_36,Outcomes,enterprise_ai_adoption_rate,0.0,5
100E_gemini,100E_gemini_36,Impact,public_ai_trust_score,0.0,5
100E_gemini,100E_gemini_37,Activities,researcher_matchmaking_events,0.0,5
100E_gemini,100E_gemini_37,Activities,training_workshops_held,0.0,5
100E_gemini,100E_gemini_37,Activities,enterprise_outreach_sessions,0.0,5
100E_gemini,100E_gemini_37,Outputs,approved_100e_projects,0.0,5
100E_gemini,100E_gemini_37,Outputs,enterprises_with_solution,0.0,5
100E_gemini,100E_gemini_37,Outputs,ai_prototypes_developed,0.0,5
100E_gemini,100E_gemini_37,Outputs,trainees_completed_programme,0.0,5
100E_gemini,100E_gemini_37,Outcomes,number_of_100e_projects_approved_in_2023,0.0,5
100E_gemini,100E_gemini_37,Outcomes,deployed_100e_projects,0.0,5
100E_gemini,100E_gemini_37,Outcomes,enterprise_ai_adoption_rate,0.0,5
100E_gemini,100E_gemini_37,Outcomes,ai_practitioner_pool,0.0,5
100E_gemini,100E_gemini_37,Impact,ai_sector_gdp_share,0.0,5
100E_gemini,100E_gemini_38,Inputs,total_funding_sgd,0.0,5
100E_gemini,100E_gemini_39,Inputs,total_funding_sgd,0.0,5
100E_gemini,100E_gemini_39,Outputs,enterprises_with_solution,0.0,5
100E_gemini,100E_gemini_39,Outputs,ai_prototypes_developed,0.0,5
100E_gemini,100E_gemini_40,Inputs,total_funding_sgd,0.0,5
100E_gemini,100E_gemini_40,Outputs,enterprises_with_solution,0.0,5
100E_gemini,100E_gemini_40,Outputs,ai_prototypes_developed,0.0,5
100E_gemini,100E_gemini_40,Outcomes,deployed_100e_projects,0.0,5
100E_gemini,100E_gemini_41,Inputs,total_funding_sgd,0.0,5
100E_gemini,100E_gemini_41,Outputs,approved_100e_projects,0.0,5
100E_gemini,100E_gemini_41,Outputs,enterprises_with_solution,0.0,5
100E_gemini,100E_gemini_41,Outputs,ai_prototypes_developed,0.0,5
100E_gemini,100E_gemini_41,Outcomes,number_of_100e_projects_approved_in_2023,0.0,5
100E_gemini,100E_gemini_41,Outcomes,deployed_100e_projects,0.0,5
100E_gemini,100E_gemini_41,Outcomes,enterprise_ai_adoption_rate,0.0,5
100E_gemini,100E_gemini_41,Outcomes,ai_practitioner_pool,0.0,5
100E_gemini,100E_gemini_42,Inputs,trainer_personnel_count,0.0,5
100E_gemini,100E_gemini_42,Inputs,available_gpu_hours,0.0,5
100E_gemini,100E_gemini_42,Activities,enterprise_outreach_sessions,0.0,5
100E_gemini,100E_gemini_42,Impact,global_ai_readiness_rank,0.0,5
100E_gemini,100E_gemini_42,Impact,public_ai_trust_score,0.0,5
100E_gemini,100E_gemini_43,Activities,training_workshops_held,0.0,5
100E_gemini,100E_gemini_43,Activities,enterprise_outreach_sessions,0.0,5
100E_gemini,100E_gemini_44,Activities,researcher_matchmaking_events,0.0,5
100E_gemini,100E_gemini_44,Outputs,approved_100e_projects,0.0,5
100E_gemini,100E_gemini_44,Outcomes,number_of_100e_projects_approved_in_2023,0.0,5
100E_gemini,100E_gemini_44,Outcomes,generative_ai_use_cases,0.0,5
100E_gemini,100E_gemini_45,Activities,training_workshops_held,0.0,5
100E_gemini,100E_gemini_45,Activities,enterprise_outreach_sessions,0.0,5
100E_gemini,100E_gemini_45,Outputs,approved_100e_projects,0.0,5
100E_gemini,100E_gemini_45,Outputs,enterprises_with_solution,0.0,5
100E_gemini,100E_gemini_45,Outputs,ai_prototypes_developed,0.0,5
100E_gemini,100E_gemini_45,Outcomes,number_of_100e_projects_approved_in_2023,0.0,5
100E_gemini,100E_gemini_45,Outcomes,deployed_100e_projects,0.0,5
100E_gemini,100E_gemini_46,Activities,researcher_matchmaking_events,0.0,5
100E_gemini,100E_gemini_46,Activities,platform_onboarding_assists,0.0,5
100E_gemini,100E_gemini_46,Activities,training_workshops_held,0.0,5
100E_gemini,100E_gemini_46,Activities,enterprise_outreach_sessions,0.0,5
100E_gemini,100E_gemini_46,Outputs,approved_100e_projects,0.0,5
100E_gemini,100E_gemini_46,Outputs,enterprises_with_solution,0.0,5
100E_gemini,100E_gemini_46,Outputs,ai_prototypes_developed,0.0,5
100E_gemini,100E_gemini_46,Outcomes,number_of_100e_projects_approved_in_2023,0.0,5
100E_gemini,100E_gemini_46,Outcomes,deployed_100e_projects,0.0,5
100E_gemini,100E_gemini_47,Inputs,total_funding_sgd,0.0,5
100E_gemini,100E_gemini_47,Activities,enterprise_outreach_sessions,0.0,5
100E_gemini,100E_gemini_48,Outputs,approved_100e_projects,0.0,5
100E_gemini,100E_gemini_48,Outputs,enterprises_with_solution,0.0,5
100E_gemini,100E_gemini_48,Outputs,ai_prototypes_developed,0.0,5
100E_gemini,100E_gemini_48,Outputs,trainees_completed_programme,0.0,5
100E_gemini,100E_gemini_48,Outcomes,number_of_100e_projects_approved_in_2023,0.0,5
100E_gemini,100E_gemini_48,Outcomes,deployed_100e_projects,0.0,5
100E_gemini,100E_gemini_48,Outcomes,enterprise_ai_adoption_rate,0.0,5
100E_gemini,100E_gemini_48,Outcomes,ai_practitioner_pool,0.0,5
100E_gemini,100E_gemini_48,Outcomes,generative_ai_use_cases,0.0,5
100E_gemini,100E_gemini_48,Impact,global_ai_readiness_rank,0.0,5
100E_gemini,100E_gemini_49,Inputs,trainer_personnel_count,0.0,5
100E_gemini,100E_gemini_49,Inputs,available_gpu_hours,0.0,5
100E_gemini,100E_gemini_49,Activities,enterprise_outreach_sessions,0.0,5
100E_gemini,100E_gemini_49,Outputs,approved_100e_projects,0.0,5
100E_gemini,100E_gemini_49,Outputs,enterprises_with_solution,0.0,5
100E_gemini,100E_gemini_49,Outputs,ai_prototypes_developed,0.0,5
100E_gemini,100E_gemini_49,Outputs,trainees_completed_programme,0.0,5
100E_gemini,100E_gemini_49,Outcomes,number_of_100e_projects_approved_in_2023,0.0,5
100E_gemini,100E_gemini_49,Outcomes,deployed_100e_projects,0.0,5
100E_gemini,100E_gemini_49,Outcomes,enterprise_ai_adoption_rate,0.0,5
100E_gemini,100E_gemini_49,Outcomes,ai_practitioner_pool,0.0,5
100E_gemini,100E_gemini_49,Impact,ai_sector_gdp_share,0.0,5
100E_gemini,100E_gemini_50,Outcomes,deployed_100e_projects,0.0,5
100E_gemini,100E_gemini_50,Impact,ai_talent_retention_rate,0.0,5
100E_gemini,100E_gemini_50,Impact,public_ai_trust_score,0.0,5
100E_gemini,100E_gemini_50,Impact,ai_sector_gdp_share,0.0,5
